,From,To,edge
50,Harry M. Reid,Mitch Mcconnell,1
205,Jeanne Shaheen,Ron Wyden,1
207,Jeanne Shaheen,Jon Tester,1
208,Jeanne Shaheen,Thomas Richard Harkin,1
213,Jeanne Shaheen,Patrick Joseph Leahy,1
215,Jeanne Shaheen,Dianne Feinstein,1
216,Jeanne Shaheen,Frank R. Lautenberg,1
218,Jeanne Shaheen,Bernard Sanders,1
219,Jeanne Shaheen,John Forbes Kerry,1
223,Jeanne Shaheen,Richard J. Durbin,1
227,Jeanne Shaheen,Mark Udall,1
229,Jeanne Shaheen,Olympia J. Snowe,1
230,Jeanne Shaheen,Benjamin L. Cardin,1
233,Jeanne Shaheen,Joseph I. Lieberman,1
236,Jeanne Shaheen,Mary Landrieu,1
237,Jeanne Shaheen,Robert Menendez,1
240,Jeanne Shaheen,Deborah Ann Stabenow,1
241,Jeanne Shaheen,Kirsten E. Gillibrand,1
244,Jeanne Shaheen,Richard Blumenthal,1
246,Jeanne Shaheen,John F. Reed,1
248,Jeanne Shaheen,Sherrod Brown,1
249,Jeanne Shaheen,Maria Cantwell,1
250,Jeanne Shaheen,Patty Murray,1
255,Jeanne Shaheen,Barbara Boxer,1
258,Jeanne Shaheen,Susan Margaret Collins,1
260,Jeanne Shaheen,Christopher A. Coons,1
261,Jeanne Shaheen,Tom Udall,1
267,Jeanne Shaheen,Sheldon Whitehouse,1
269,Jeanne Shaheen,Amy Klobuchar,1
270,Jeanne Shaheen,Daniel Kohikina Akaka,1
272,Jeanne Shaheen,Mark Begich,1
273,Jeanne Shaheen,Michael F. Bennet,1
275,Jeanne Shaheen,Tim Johnson,1
281,Jeanne Shaheen,Mark R. Warner,1
282,Jeanne Shaheen,Al Franken,1
284,Jeanne Shaheen,Barbara Ann Mikulski,1
290,Jeanne Shaheen,Jeff Merkley,1
291,Jeanne Shaheen,Clarence William Nelson,1
296,Jeanne Shaheen,Claire Mccaskill,1
305,Ron Wyden,Jeanne Shaheen,1
309,Ron Wyden,Thomas Richard Harkin,1
317,Ron Wyden,Frank R. Lautenberg,1
324,Ron Wyden,Richard J. Durbin,1
328,Ron Wyden,Mark Udall,1
331,Ron Wyden,Benjamin L. Cardin,1
342,Ron Wyden,Kirsten E. Gillibrand,1
345,Ron Wyden,Richard Blumenthal,1
347,Ron Wyden,John F. Reed,1
350,Ron Wyden,Maria Cantwell,1
351,Ron Wyden,Patty Murray,1
356,Ron Wyden,Barbara Boxer,1
368,Ron Wyden,Sheldon Whitehouse,1
371,Ron Wyden,Daniel Kohikina Akaka,1
373,Ron Wyden,Mark Begich,1
374,Ron Wyden,Michael F. Bennet,1
383,Ron Wyden,Al Franken,1
391,Ron Wyden,Jeff Merkley,1
415,Charles E. Schumer,Patrick Joseph Leahy,1
418,Charles E. Schumer,Frank R. Lautenberg,1
425,Charles E. Schumer,Richard J. Durbin,1
442,Charles E. Schumer,Deborah Ann Stabenow,1
443,Charles E. Schumer,Kirsten E. Gillibrand,1
446,Charles E. Schumer,Richard Blumenthal,1
448,Charles E. Schumer,John F. Reed,1
469,Charles E. Schumer,Sheldon Whitehouse,1
484,Charles E. Schumer,Al Franken,1
507,Jon Tester,Jeanne Shaheen,1
517,Jon Tester,Max Sieben Baucus,1
564,Jon Tester,Tom Udall,1
569,Jon Tester,Kent Conrad,1
572,Jon Tester,Amy Klobuchar,1
575,Jon Tester,Mark Begich,1
576,Jon Tester,Michael F. Bennet,1
578,Jon Tester,Tim Johnson,1
599,Jon Tester,Claire Mccaskill,1
608,Thomas Richard Harkin,Jeanne Shaheen,1
609,Thomas Richard Harkin,Ron Wyden,1
617,Thomas Richard Harkin,Patrick Joseph Leahy,1
620,Thomas Richard Harkin,Frank R. Lautenberg,1
622,Thomas Richard Harkin,Bernard Sanders,1
627,Thomas Richard Harkin,Richard J. Durbin,1
634,Thomas Richard Harkin,Benjamin L. Cardin,1
645,Thomas Richard Harkin,Kirsten E. Gillibrand,1
648,Thomas Richard Harkin,Richard Blumenthal,1
650,Thomas Richard Harkin,John F. Reed,1
652,Thomas Richard Harkin,Sherrod Brown,1
659,Thomas Richard Harkin,Barbara Boxer,1
671,Thomas Richard Harkin,Sheldon Whitehouse,1
673,Thomas Richard Harkin,Amy Klobuchar,1
679,Thomas Richard Harkin,Tim Johnson,1
686,Thomas Richard Harkin,Al Franken,1
688,Thomas Richard Harkin,Barbara Ann Mikulski,1
694,Thomas Richard Harkin,Jeff Merkley,1
715,John Boozman,Marco Rubio,1
716,John Boozman,Jim Inhofe,1
725,John Boozman,John Sidney Mccain,1
727,John Boozman,Tom Coburn,1
729,John Boozman,Michael B. Enzi,1
730,John Boozman,John Barrasso,1
731,John Boozman,John Cornyn,1
733,John Boozman,David Vitter,1
736,John Boozman,Kay Bailey Hutchison,1
737,John Boozman,Mike Johanns,1
739,John Boozman,Lindsey O. Graham,1
740,John Boozman,Lisa Murkowski,1
743,John Boozman,Jon Llewellyn Kyl,1
744,John Boozman,Rand Paul,1
747,John Boozman,Mark Lunsford Pryor,1
748,John Boozman,John R. Thune,1
750,John Boozman,Rob Portman,1
752,John Boozman,Michael D. Crapo,1
756,John Boozman,Jerry Moran,1
757,John Boozman,Mitch Mcconnell,1
758,John Boozman,Lamar Alexander,1
759,John Boozman,Roger F. Wicker,1
761,John Boozman,Orrin Grant Hatch,1
762,John Boozman,Roy Blunt,1
767,John Boozman,Richard Burr,1
769,John Boozman,John Hoeven,1
776,John Boozman,James W. Demint,1
779,John Boozman,Charles Ernest Grassley,1
781,John Boozman,E. Benjamin Nelson,1
782,John Boozman,Jeff Sessions,1
783,John Boozman,Daniel Ray Coats,1
784,John Boozman,Richard Craig Shelby,1
785,John Boozman,Bob Corker,1
788,John Boozman,Kelly Ayotte,1
791,John Boozman,Mark Steven Kirk,1
792,John Boozman,Johnny Isakson,1
793,John Boozman,Pat Roberts,1
794,John Boozman,Pat Toomey,1
797,John Boozman,Saxby Chambliss,1
800,John Boozman,Richard Green Lugar,1
802,John Boozman,Mike Lee,1
803,John Boozman,Ron Johnson,1
804,John Boozman,Dean Heller,1
805,John Boozman,Joe Manchin,1
806,John Boozman,Thad Cochran,1
807,John Boozman,James E. Risch,1
815,Marco Rubio,John Boozman,1
817,Marco Rubio,Jim Inhofe,1
826,Marco Rubio,John Sidney Mccain,1
828,Marco Rubio,Tom Coburn,1
830,Marco Rubio,Michael B. Enzi,1
831,Marco Rubio,John Barrasso,1
832,Marco Rubio,John Cornyn,1
834,Marco Rubio,David Vitter,1
837,Marco Rubio,Kay Bailey Hutchison,1
838,Marco Rubio,Mike Johanns,1
840,Marco Rubio,Lindsey O. Graham,1
844,Marco Rubio,Jon Llewellyn Kyl,1
845,Marco Rubio,Rand Paul,1
849,Marco Rubio,John R. Thune,1
851,Marco Rubio,Rob Portman,1
853,Marco Rubio,Michael D. Crapo,1
857,Marco Rubio,Jerry Moran,1
858,Marco Rubio,Mitch Mcconnell,1
859,Marco Rubio,Lamar Alexander,1
860,Marco Rubio,Roger F. Wicker,1
862,Marco Rubio,Orrin Grant Hatch,1
863,Marco Rubio,Roy Blunt,1
868,Marco Rubio,Richard Burr,1
870,Marco Rubio,John Hoeven,1
877,Marco Rubio,James W. Demint,1
880,Marco Rubio,Charles Ernest Grassley,1
883,Marco Rubio,Jeff Sessions,1
884,Marco Rubio,Daniel Ray Coats,1
885,Marco Rubio,Richard Craig Shelby,1
886,Marco Rubio,Bob Corker,1
889,Marco Rubio,Kelly Ayotte,1
892,Marco Rubio,Mark Steven Kirk,1
893,Marco Rubio,Johnny Isakson,1
894,Marco Rubio,Pat Roberts,1
895,Marco Rubio,Pat Toomey,1
897,Marco Rubio,Clarence William Nelson,1
898,Marco Rubio,Saxby Chambliss,1
901,Marco Rubio,Richard Green Lugar,1
903,Marco Rubio,Mike Lee,1
904,Marco Rubio,Ron Johnson,1
905,Marco Rubio,Dean Heller,1
907,Marco Rubio,Thad Cochran,1
908,Marco Rubio,James E. Risch,1
916,Jim Inhofe,John Boozman,1
917,Jim Inhofe,Marco Rubio,1
927,Jim Inhofe,John Sidney Mccain,1
929,Jim Inhofe,Tom Coburn,1
931,Jim Inhofe,Michael B. Enzi,1
932,Jim Inhofe,John Barrasso,1
933,Jim Inhofe,John Cornyn,1
935,Jim Inhofe,David Vitter,1
938,Jim Inhofe,Kay Bailey Hutchison,1
939,Jim Inhofe,Mike Johanns,1
941,Jim Inhofe,Lindsey O. Graham,1
945,Jim Inhofe,Jon Llewellyn Kyl,1
946,Jim Inhofe,Rand Paul,1
950,Jim Inhofe,John R. Thune,1
952,Jim Inhofe,Rob Portman,1
954,Jim Inhofe,Michael D. Crapo,1
958,Jim Inhofe,Jerry Moran,1
959,Jim Inhofe,Mitch Mcconnell,1
960,Jim Inhofe,Lamar Alexander,1
961,Jim Inhofe,Roger F. Wicker,1
963,Jim Inhofe,Orrin Grant Hatch,1
964,Jim Inhofe,Roy Blunt,1
969,Jim Inhofe,Richard Burr,1
971,Jim Inhofe,John Hoeven,1
978,Jim Inhofe,James W. Demint,1
981,Jim Inhofe,Charles Ernest Grassley,1
984,Jim Inhofe,Jeff Sessions,1
985,Jim Inhofe,Daniel Ray Coats,1
986,Jim Inhofe,Richard Craig Shelby,1
987,Jim Inhofe,Bob Corker,1
990,Jim Inhofe,Kelly Ayotte,1
993,Jim Inhofe,Mark Steven Kirk,1
994,Jim Inhofe,Johnny Isakson,1
995,Jim Inhofe,Pat Roberts,1
996,Jim Inhofe,Pat Toomey,1
999,Jim Inhofe,Saxby Chambliss,1
1002,Jim Inhofe,Richard Green Lugar,1
1004,Jim Inhofe,Mike Lee,1
1005,Jim Inhofe,Ron Johnson,1
1006,Jim Inhofe,Dean Heller,1
1008,Jim Inhofe,Thad Cochran,1
1009,Jim Inhofe,James E. Risch,1
1041,Thomas R. Carper,Joseph I. Lieberman,1
1068,Thomas R. Carper,Christopher A. Coons,1
1089,Thomas R. Carper,Mark R. Warner,1
1113,Patrick Joseph Leahy,Jeanne Shaheen,1
1115,Patrick Joseph Leahy,Charles E. Schumer,1
1117,Patrick Joseph Leahy,Thomas Richard Harkin,1
1125,Patrick Joseph Leahy,Frank R. Lautenberg,1
1127,Patrick Joseph Leahy,Bernard Sanders,1
1128,Patrick Joseph Leahy,John Forbes Kerry,1
1130,Patrick Joseph Leahy,Herbert H. Kohl,1
1132,Patrick Joseph Leahy,Richard J. Durbin,1
1150,Patrick Joseph Leahy,Kirsten E. Gillibrand,1
1153,Patrick Joseph Leahy,Richard Blumenthal,1
1155,Patrick Joseph Leahy,John F. Reed,1
1164,Patrick Joseph Leahy,Barbara Boxer,1
1169,Patrick Joseph Leahy,Christopher A. Coons,1
1176,Patrick Joseph Leahy,Sheldon Whitehouse,1
1178,Patrick Joseph Leahy,Amy Klobuchar,1
1179,Patrick Joseph Leahy,Daniel Kohikina Akaka,1
1191,Patrick Joseph Leahy,Al Franken,1
1193,Patrick Joseph Leahy,Barbara Ann Mikulski,1
1199,Patrick Joseph Leahy,Jeff Merkley,1
1217,Max Sieben Baucus,Jon Tester,1
1276,Max Sieben Baucus,Kent Conrad,1
1285,Max Sieben Baucus,Tim Johnson,1
1286,Max Sieben Baucus,E. Benjamin Nelson,1
1315,Dianne Feinstein,Jeanne Shaheen,1
1327,Dianne Feinstein,Frank R. Lautenberg,1
1334,Dianne Feinstein,Richard J. Durbin,1
1341,Dianne Feinstein,Benjamin L. Cardin,1
1366,Dianne Feinstein,Barbara Boxer,1
1378,Dianne Feinstein,Sheldon Whitehouse,1
1395,Dianne Feinstein,Barbara Ann Mikulski,1
1416,Frank R. Lautenberg,Jeanne Shaheen,1
1417,Frank R. Lautenberg,Ron Wyden,1
1418,Frank R. Lautenberg,Charles E. Schumer,1
1420,Frank R. Lautenberg,Thomas Richard Harkin,1
1425,Frank R. Lautenberg,Patrick Joseph Leahy,1
1427,Frank R. Lautenberg,Dianne Feinstein,1
1430,Frank R. Lautenberg,Bernard Sanders,1
1431,Frank R. Lautenberg,John Forbes Kerry,1
1435,Frank R. Lautenberg,Richard J. Durbin,1
1442,Frank R. Lautenberg,Benjamin L. Cardin,1
1449,Frank R. Lautenberg,Robert Menendez,1
1452,Frank R. Lautenberg,Deborah Ann Stabenow,1
1453,Frank R. Lautenberg,Kirsten E. Gillibrand,1
1456,Frank R. Lautenberg,Richard Blumenthal,1
1458,Frank R. Lautenberg,John F. Reed,1
1460,Frank R. Lautenberg,Sherrod Brown,1
1462,Frank R. Lautenberg,Patty Murray,1
1467,Frank R. Lautenberg,Barbara Boxer,1
1472,Frank R. Lautenberg,Christopher A. Coons,1
1479,Frank R. Lautenberg,Sheldon Whitehouse,1
1482,Frank R. Lautenberg,Daniel Kohikina Akaka,1
1485,Frank R. Lautenberg,Michael F. Bennet,1
1494,Frank R. Lautenberg,Al Franken,1
1496,Frank R. Lautenberg,Barbara Ann Mikulski,1
1502,Frank R. Lautenberg,Jeff Merkley,1
1503,Frank R. Lautenberg,Clarence William Nelson,1
1540,Jesse Francis Bingaman,Mark Udall,1
1574,Jesse Francis Bingaman,Tom Udall,1
1586,Jesse Francis Bingaman,Michael F. Bennet,1
1618,Bernard Sanders,Jeanne Shaheen,1
1622,Bernard Sanders,Thomas Richard Harkin,1
1627,Bernard Sanders,Patrick Joseph Leahy,1
1630,Bernard Sanders,Frank R. Lautenberg,1
1637,Bernard Sanders,Richard J. Durbin,1
1644,Bernard Sanders,Benjamin L. Cardin,1
1651,Bernard Sanders,Robert Menendez,1
1654,Bernard Sanders,Deborah Ann Stabenow,1
1655,Bernard Sanders,Kirsten E. Gillibrand,1
1658,Bernard Sanders,Richard Blumenthal,1
1660,Bernard Sanders,John F. Reed,1
1662,Bernard Sanders,Sherrod Brown,1
1664,Bernard Sanders,Patty Murray,1
1669,Bernard Sanders,Barbara Boxer,1
1675,Bernard Sanders,Tom Udall,1
1681,Bernard Sanders,Sheldon Whitehouse,1
1684,Bernard Sanders,Daniel Kohikina Akaka,1
1686,Bernard Sanders,Mark Begich,1
1689,Bernard Sanders,Tim Johnson,1
1696,Bernard Sanders,Al Franken,1
1698,Bernard Sanders,Barbara Ann Mikulski,1
1704,Bernard Sanders,Jeff Merkley,1
1719,John Forbes Kerry,Jeanne Shaheen,1
1728,John Forbes Kerry,Patrick Joseph Leahy,1
1731,John Forbes Kerry,Frank R. Lautenberg,1
1745,John Forbes Kerry,Benjamin L. Cardin,1
1761,John Forbes Kerry,John F. Reed,1
1770,John Forbes Kerry,Barbara Boxer,1
1782,John Forbes Kerry,Sheldon Whitehouse,1
1809,John Forbes Kerry,Scott P. Brown,1
1825,John Sidney Mccain,John Boozman,1
1826,John Sidney Mccain,Marco Rubio,1
1827,John Sidney Mccain,Jim Inhofe,1
1838,John Sidney Mccain,Tom Coburn,1
1840,John Sidney Mccain,Michael B. Enzi,1
1841,John Sidney Mccain,John Barrasso,1
1842,John Sidney Mccain,John Cornyn,1
1844,John Sidney Mccain,David Vitter,1
1847,John Sidney Mccain,Kay Bailey Hutchison,1
1848,John Sidney Mccain,Mike Johanns,1
1850,John Sidney Mccain,Lindsey O. Graham,1
1854,John Sidney Mccain,Jon Llewellyn Kyl,1
1855,John Sidney Mccain,Rand Paul,1
1859,John Sidney Mccain,John R. Thune,1
1861,John Sidney Mccain,Rob Portman,1
1863,John Sidney Mccain,Michael D. Crapo,1
1867,John Sidney Mccain,Jerry Moran,1
1868,John Sidney Mccain,Mitch Mcconnell,1
1869,John Sidney Mccain,Lamar Alexander,1
1870,John Sidney Mccain,Roger F. Wicker,1
1872,John Sidney Mccain,Orrin Grant Hatch,1
1873,John Sidney Mccain,Roy Blunt,1
1878,John Sidney Mccain,Richard Burr,1
1880,John Sidney Mccain,John Hoeven,1
1887,John Sidney Mccain,James W. Demint,1
1890,John Sidney Mccain,Charles Ernest Grassley,1
1893,John Sidney Mccain,Jeff Sessions,1
1894,John Sidney Mccain,Daniel Ray Coats,1
1895,John Sidney Mccain,Richard Craig Shelby,1
1896,John Sidney Mccain,Bob Corker,1
1899,John Sidney Mccain,Kelly Ayotte,1
1902,John Sidney Mccain,Mark Steven Kirk,1
1903,John Sidney Mccain,Johnny Isakson,1
1904,John Sidney Mccain,Pat Roberts,1
1905,John Sidney Mccain,Pat Toomey,1
1908,John Sidney Mccain,Saxby Chambliss,1
1911,John Sidney Mccain,Richard Green Lugar,1
1913,John Sidney Mccain,Mike Lee,1
1914,John Sidney Mccain,Ron Johnson,1
1915,John Sidney Mccain,Dean Heller,1
1917,John Sidney Mccain,Thad Cochran,1
1918,John Sidney Mccain,James E. Risch,1
1930,Herbert H. Kohl,Patrick Joseph Leahy,1
1940,Herbert H. Kohl,Richard J. Durbin,1
1961,Herbert H. Kohl,Richard Blumenthal,1
1984,Herbert H. Kohl,Sheldon Whitehouse,1
1986,Herbert H. Kohl,Amy Klobuchar,1
1992,Herbert H. Kohl,Tim Johnson,1
2001,Herbert H. Kohl,Barbara Ann Mikulski,1
2008,Herbert H. Kohl,Clarence William Nelson,1
2027,Tom Coburn,John Boozman,1
2028,Tom Coburn,Marco Rubio,1
2029,Tom Coburn,Jim Inhofe,1
2038,Tom Coburn,John Sidney Mccain,1
2042,Tom Coburn,Michael B. Enzi,1
2043,Tom Coburn,John Barrasso,1
2044,Tom Coburn,John Cornyn,1
2046,Tom Coburn,David Vitter,1
2049,Tom Coburn,Kay Bailey Hutchison,1
2050,Tom Coburn,Mike Johanns,1
2052,Tom Coburn,Lindsey O. Graham,1
2056,Tom Coburn,Jon Llewellyn Kyl,1
2057,Tom Coburn,Rand Paul,1
2061,Tom Coburn,John R. Thune,1
2063,Tom Coburn,Rob Portman,1
2065,Tom Coburn,Michael D. Crapo,1
2069,Tom Coburn,Jerry Moran,1
2070,Tom Coburn,Mitch Mcconnell,1
2071,Tom Coburn,Lamar Alexander,1
2072,Tom Coburn,Roger F. Wicker,1
2074,Tom Coburn,Orrin Grant Hatch,1
2075,Tom Coburn,Roy Blunt,1
2080,Tom Coburn,Richard Burr,1
2082,Tom Coburn,John Hoeven,1
2089,Tom Coburn,James W. Demint,1
2092,Tom Coburn,Charles Ernest Grassley,1
2095,Tom Coburn,Jeff Sessions,1
2096,Tom Coburn,Daniel Ray Coats,1
2097,Tom Coburn,Richard Craig Shelby,1
2098,Tom Coburn,Bob Corker,1
2101,Tom Coburn,Kelly Ayotte,1
2104,Tom Coburn,Mark Steven Kirk,1
2105,Tom Coburn,Johnny Isakson,1
2106,Tom Coburn,Pat Roberts,1
2107,Tom Coburn,Pat Toomey,1
2110,Tom Coburn,Saxby Chambliss,1
2113,Tom Coburn,Richard Green Lugar,1
2115,Tom Coburn,Mike Lee,1
2116,Tom Coburn,Ron Johnson,1
2117,Tom Coburn,Dean Heller,1
2119,Tom Coburn,Thad Cochran,1
2120,Tom Coburn,James E. Risch,1
2123,Richard J. Durbin,Jeanne Shaheen,1
2124,Richard J. Durbin,Ron Wyden,1
2125,Richard J. Durbin,Charles E. Schumer,1
2127,Richard J. Durbin,Thomas Richard Harkin,1
2132,Richard J. Durbin,Patrick Joseph Leahy,1
2134,Richard J. Durbin,Dianne Feinstein,1
2135,Richard J. Durbin,Frank R. Lautenberg,1
2137,Richard J. Durbin,Bernard Sanders,1
2140,Richard J. Durbin,Herbert H. Kohl,1
2146,Richard J. Durbin,Mark Udall,1
2149,Richard J. Durbin,Benjamin L. Cardin,1
2156,Richard J. Durbin,Robert Menendez,1
2160,Richard J. Durbin,Kirsten E. Gillibrand,1
2163,Richard J. Durbin,Richard Blumenthal,1
2165,Richard J. Durbin,John F. Reed,1
2167,Richard J. Durbin,Sherrod Brown,1
2169,Richard J. Durbin,Patty Murray,1
2174,Richard J. Durbin,Barbara Boxer,1
2179,Richard J. Durbin,Christopher A. Coons,1
2186,Richard J. Durbin,Sheldon Whitehouse,1
2189,Richard J. Durbin,Daniel Kohikina Akaka,1
2192,Richard J. Durbin,Michael F. Bennet,1
2201,Richard J. Durbin,Al Franken,1
2203,Richard J. Durbin,Barbara Ann Mikulski,1
2204,Richard J. Durbin,Carl Milton Levin,1
2209,Richard J. Durbin,Jeff Merkley,1
2210,Richard J. Durbin,Clarence William Nelson,1
2229,Michael B. Enzi,John Boozman,1
2230,Michael B. Enzi,Marco Rubio,1
2231,Michael B. Enzi,Jim Inhofe,1
2240,Michael B. Enzi,John Sidney Mccain,1
2242,Michael B. Enzi,Tom Coburn,1
2245,Michael B. Enzi,John Barrasso,1
2246,Michael B. Enzi,John Cornyn,1
2248,Michael B. Enzi,David Vitter,1
2251,Michael B. Enzi,Kay Bailey Hutchison,1
2252,Michael B. Enzi,Mike Johanns,1
2254,Michael B. Enzi,Lindsey O. Graham,1
2255,Michael B. Enzi,Lisa Murkowski,1
2258,Michael B. Enzi,Jon Llewellyn Kyl,1
2259,Michael B. Enzi,Rand Paul,1
2263,Michael B. Enzi,John R. Thune,1
2265,Michael B. Enzi,Rob Portman,1
2267,Michael B. Enzi,Michael D. Crapo,1
2271,Michael B. Enzi,Jerry Moran,1
2272,Michael B. Enzi,Mitch Mcconnell,1
2273,Michael B. Enzi,Lamar Alexander,1
2274,Michael B. Enzi,Roger F. Wicker,1
2276,Michael B. Enzi,Orrin Grant Hatch,1
2277,Michael B. Enzi,Roy Blunt,1
2282,Michael B. Enzi,Richard Burr,1
2284,Michael B. Enzi,John Hoeven,1
2291,Michael B. Enzi,James W. Demint,1
2294,Michael B. Enzi,Charles Ernest Grassley,1
2297,Michael B. Enzi,Jeff Sessions,1
2298,Michael B. Enzi,Daniel Ray Coats,1
2299,Michael B. Enzi,Richard Craig Shelby,1
2300,Michael B. Enzi,Bob Corker,1
2303,Michael B. Enzi,Kelly Ayotte,1
2307,Michael B. Enzi,Johnny Isakson,1
2308,Michael B. Enzi,Pat Roberts,1
2309,Michael B. Enzi,Pat Toomey,1
2312,Michael B. Enzi,Saxby Chambliss,1
2315,Michael B. Enzi,Richard Green Lugar,1
2317,Michael B. Enzi,Mike Lee,1
2318,Michael B. Enzi,Ron Johnson,1
2319,Michael B. Enzi,Dean Heller,1
2321,Michael B. Enzi,Thad Cochran,1
2322,Michael B. Enzi,James E. Risch,1
2330,John Barrasso,John Boozman,1
2331,John Barrasso,Marco Rubio,1
2332,John Barrasso,Jim Inhofe,1
2341,John Barrasso,John Sidney Mccain,1
2343,John Barrasso,Tom Coburn,1
2345,John Barrasso,Michael B. Enzi,1
2347,John Barrasso,John Cornyn,1
2349,John Barrasso,David Vitter,1
2352,John Barrasso,Kay Bailey Hutchison,1
2353,John Barrasso,Mike Johanns,1
2355,John Barrasso,Lindsey O. Graham,1
2356,John Barrasso,Lisa Murkowski,1
2359,John Barrasso,Jon Llewellyn Kyl,1
2360,John Barrasso,Rand Paul,1
2364,John Barrasso,John R. Thune,1
2366,John Barrasso,Rob Portman,1
2368,John Barrasso,Michael D. Crapo,1
2372,John Barrasso,Jerry Moran,1
2373,John Barrasso,Mitch Mcconnell,1
2374,John Barrasso,Lamar Alexander,1
2375,John Barrasso,Roger F. Wicker,1
2377,John Barrasso,Orrin Grant Hatch,1
2378,John Barrasso,Roy Blunt,1
2383,John Barrasso,Richard Burr,1
2385,John Barrasso,John Hoeven,1
2392,John Barrasso,James W. Demint,1
2395,John Barrasso,Charles Ernest Grassley,1
2398,John Barrasso,Jeff Sessions,1
2399,John Barrasso,Daniel Ray Coats,1
2400,John Barrasso,Richard Craig Shelby,1
2401,John Barrasso,Bob Corker,1
2404,John Barrasso,Kelly Ayotte,1
2407,John Barrasso,Mark Steven Kirk,1
2408,John Barrasso,Johnny Isakson,1
2409,John Barrasso,Pat Roberts,1
2410,John Barrasso,Pat Toomey,1
2413,John Barrasso,Saxby Chambliss,1
2416,John Barrasso,Richard Green Lugar,1
2418,John Barrasso,Mike Lee,1
2419,John Barrasso,Ron Johnson,1
2420,John Barrasso,Dean Heller,1
2422,John Barrasso,Thad Cochran,1
2423,John Barrasso,James E. Risch,1
2431,John Cornyn,John Boozman,1
2432,John Cornyn,Marco Rubio,1
2433,John Cornyn,Jim Inhofe,1
2442,John Cornyn,John Sidney Mccain,1
2444,John Cornyn,Tom Coburn,1
2446,John Cornyn,Michael B. Enzi,1
2447,John Cornyn,John Barrasso,1
2450,John Cornyn,David Vitter,1
2453,John Cornyn,Kay Bailey Hutchison,1
2454,John Cornyn,Mike Johanns,1
2456,John Cornyn,Lindsey O. Graham,1
2460,John Cornyn,Jon Llewellyn Kyl,1
2461,John Cornyn,Rand Paul,1
2465,John Cornyn,John R. Thune,1
2467,John Cornyn,Rob Portman,1
2469,John Cornyn,Michael D. Crapo,1
2473,John Cornyn,Jerry Moran,1
2474,John Cornyn,Mitch Mcconnell,1
2475,John Cornyn,Lamar Alexander,1
2476,John Cornyn,Roger F. Wicker,1
2478,John Cornyn,Orrin Grant Hatch,1
2479,John Cornyn,Roy Blunt,1
2484,John Cornyn,Richard Burr,1
2486,John Cornyn,John Hoeven,1
2493,John Cornyn,James W. Demint,1
2496,John Cornyn,Charles Ernest Grassley,1
2499,John Cornyn,Jeff Sessions,1
2500,John Cornyn,Daniel Ray Coats,1
2501,John Cornyn,Richard Craig Shelby,1
2502,John Cornyn,Bob Corker,1
2505,John Cornyn,Kelly Ayotte,1
2508,John Cornyn,Mark Steven Kirk,1
2509,John Cornyn,Johnny Isakson,1
2510,John Cornyn,Pat Roberts,1
2511,John Cornyn,Pat Toomey,1
2514,John Cornyn,Saxby Chambliss,1
2517,John Cornyn,Richard Green Lugar,1
2519,John Cornyn,Mike Lee,1
2520,John Cornyn,Ron Johnson,1
2521,John Cornyn,Dean Heller,1
2523,John Cornyn,Thad Cochran,1
2524,John Cornyn,James E. Risch,1
2527,Mark Udall,Jeanne Shaheen,1
2528,Mark Udall,Ron Wyden,1
2540,Mark Udall,Jesse Francis Bingaman,1
2546,Mark Udall,Richard J. Durbin,1
2563,Mark Udall,Deborah Ann Stabenow,1
2578,Mark Udall,Barbara Boxer,1
2583,Mark Udall,Christopher A. Coons,1
2584,Mark Udall,Tom Udall,1
2596,Mark Udall,Michael F. Bennet,1
2604,Mark Udall,Mark R. Warner,1
2607,Mark Udall,Barbara Ann Mikulski,1
2613,Mark Udall,Jeff Merkley,1
2614,Mark Udall,Clarence William Nelson,1
2619,Mark Udall,Claire Mccaskill,1
2633,David Vitter,John Boozman,1
2634,David Vitter,Marco Rubio,1
2635,David Vitter,Jim Inhofe,1
2644,David Vitter,John Sidney Mccain,1
2646,David Vitter,Tom Coburn,1
2648,David Vitter,Michael B. Enzi,1
2649,David Vitter,John Barrasso,1
2650,David Vitter,John Cornyn,1
2655,David Vitter,Kay Bailey Hutchison,1
2656,David Vitter,Mike Johanns,1
2658,David Vitter,Lindsey O. Graham,1
2662,David Vitter,Jon Llewellyn Kyl,1
2663,David Vitter,Rand Paul,1
2667,David Vitter,John R. Thune,1
2669,David Vitter,Rob Portman,1
2671,David Vitter,Michael D. Crapo,1
2675,David Vitter,Jerry Moran,1
2676,David Vitter,Mitch Mcconnell,1
2677,David Vitter,Lamar Alexander,1
2678,David Vitter,Roger F. Wicker,1
2680,David Vitter,Orrin Grant Hatch,1
2681,David Vitter,Roy Blunt,1
2686,David Vitter,Richard Burr,1
2688,David Vitter,John Hoeven,1
2695,David Vitter,James W. Demint,1
2698,David Vitter,Charles Ernest Grassley,1
2701,David Vitter,Jeff Sessions,1
2702,David Vitter,Daniel Ray Coats,1
2703,David Vitter,Richard Craig Shelby,1
2704,David Vitter,Bob Corker,1
2707,David Vitter,Kelly Ayotte,1
2711,David Vitter,Johnny Isakson,1
2712,David Vitter,Pat Roberts,1
2713,David Vitter,Pat Toomey,1
2716,David Vitter,Saxby Chambliss,1
2721,David Vitter,Mike Lee,1
2722,David Vitter,Ron Johnson,1
2723,David Vitter,Dean Heller,1
2725,David Vitter,Thad Cochran,1
2726,David Vitter,James E. Risch,1
2729,Olympia J. Snowe,Jeanne Shaheen,1
2765,Olympia J. Snowe,Deborah Ann Stabenow,1
2783,Olympia J. Snowe,Susan Margaret Collins,1
2808,Olympia J. Snowe,Kelly Ayotte,1
2819,Olympia J. Snowe,Scott P. Brown,1
2830,Benjamin L. Cardin,Jeanne Shaheen,1
2831,Benjamin L. Cardin,Ron Wyden,1
2834,Benjamin L. Cardin,Thomas Richard Harkin,1
2841,Benjamin L. Cardin,Dianne Feinstein,1
2842,Benjamin L. Cardin,Frank R. Lautenberg,1
2844,Benjamin L. Cardin,Bernard Sanders,1
2845,Benjamin L. Cardin,John Forbes Kerry,1
2849,Benjamin L. Cardin,Richard J. Durbin,1
2859,Benjamin L. Cardin,Joseph I. Lieberman,1
2862,Benjamin L. Cardin,Mary Landrieu,1
2863,Benjamin L. Cardin,Robert Menendez,1
2866,Benjamin L. Cardin,Deborah Ann Stabenow,1
2867,Benjamin L. Cardin,Kirsten E. Gillibrand,1
2870,Benjamin L. Cardin,Richard Blumenthal,1
2872,Benjamin L. Cardin,John F. Reed,1
2874,Benjamin L. Cardin,Sherrod Brown,1
2881,Benjamin L. Cardin,Barbara Boxer,1
2886,Benjamin L. Cardin,Christopher A. Coons,1
2893,Benjamin L. Cardin,Sheldon Whitehouse,1
2896,Benjamin L. Cardin,Daniel Kohikina Akaka,1
2899,Benjamin L. Cardin,Michael F. Bennet,1
2907,Benjamin L. Cardin,Mark R. Warner,1
2908,Benjamin L. Cardin,Al Franken,1
2910,Benjamin L. Cardin,Barbara Ann Mikulski,1
2911,Benjamin L. Cardin,Carl Milton Levin,1
2916,Benjamin L. Cardin,Jeff Merkley,1
2917,Benjamin L. Cardin,Clarence William Nelson,1
2936,Kay Bailey Hutchison,John Boozman,1
2937,Kay Bailey Hutchison,Marco Rubio,1
2938,Kay Bailey Hutchison,Jim Inhofe,1
2947,Kay Bailey Hutchison,John Sidney Mccain,1
2949,Kay Bailey Hutchison,Tom Coburn,1
2951,Kay Bailey Hutchison,Michael B. Enzi,1
2952,Kay Bailey Hutchison,John Barrasso,1
2953,Kay Bailey Hutchison,John Cornyn,1
2955,Kay Bailey Hutchison,David Vitter,1
2959,Kay Bailey Hutchison,Mike Johanns,1
2961,Kay Bailey Hutchison,Lindsey O. Graham,1
2962,Kay Bailey Hutchison,Lisa Murkowski,1
2965,Kay Bailey Hutchison,Jon Llewellyn Kyl,1
2966,Kay Bailey Hutchison,Rand Paul,1
2970,Kay Bailey Hutchison,John R. Thune,1
2972,Kay Bailey Hutchison,Rob Portman,1
2974,Kay Bailey Hutchison,Michael D. Crapo,1
2978,Kay Bailey Hutchison,Jerry Moran,1
2979,Kay Bailey Hutchison,Mitch Mcconnell,1
2980,Kay Bailey Hutchison,Lamar Alexander,1
2981,Kay Bailey Hutchison,Roger F. Wicker,1
2983,Kay Bailey Hutchison,Orrin Grant Hatch,1
2984,Kay Bailey Hutchison,Roy Blunt,1
2989,Kay Bailey Hutchison,Richard Burr,1
2991,Kay Bailey Hutchison,John Hoeven,1
2998,Kay Bailey Hutchison,James W. Demint,1
3001,Kay Bailey Hutchison,Charles Ernest Grassley,1
3004,Kay Bailey Hutchison,Jeff Sessions,1
3005,Kay Bailey Hutchison,Daniel Ray Coats,1
3006,Kay Bailey Hutchison,Richard Craig Shelby,1
3007,Kay Bailey Hutchison,Bob Corker,1
3010,Kay Bailey Hutchison,Kelly Ayotte,1
3013,Kay Bailey Hutchison,Mark Steven Kirk,1
3014,Kay Bailey Hutchison,Johnny Isakson,1
3015,Kay Bailey Hutchison,Pat Roberts,1
3016,Kay Bailey Hutchison,Pat Toomey,1
3019,Kay Bailey Hutchison,Saxby Chambliss,1
3022,Kay Bailey Hutchison,Richard Green Lugar,1
3024,Kay Bailey Hutchison,Mike Lee,1
3025,Kay Bailey Hutchison,Ron Johnson,1
3026,Kay Bailey Hutchison,Dean Heller,1
3028,Kay Bailey Hutchison,Thad Cochran,1
3029,Kay Bailey Hutchison,James E. Risch,1
3037,Mike Johanns,John Boozman,1
3038,Mike Johanns,Marco Rubio,1
3039,Mike Johanns,Jim Inhofe,1
3048,Mike Johanns,John Sidney Mccain,1
3050,Mike Johanns,Tom Coburn,1
3052,Mike Johanns,Michael B. Enzi,1
3053,Mike Johanns,John Barrasso,1
3054,Mike Johanns,John Cornyn,1
3056,Mike Johanns,David Vitter,1
3059,Mike Johanns,Kay Bailey Hutchison,1
3062,Mike Johanns,Lindsey O. Graham,1
3066,Mike Johanns,Jon Llewellyn Kyl,1
3067,Mike Johanns,Rand Paul,1
3071,Mike Johanns,John R. Thune,1
3073,Mike Johanns,Rob Portman,1
3075,Mike Johanns,Michael D. Crapo,1
3079,Mike Johanns,Jerry Moran,1
3080,Mike Johanns,Mitch Mcconnell,1
3081,Mike Johanns,Lamar Alexander,1
3082,Mike Johanns,Roger F. Wicker,1
3084,Mike Johanns,Orrin Grant Hatch,1
3085,Mike Johanns,Roy Blunt,1
3090,Mike Johanns,Richard Burr,1
3092,Mike Johanns,John Hoeven,1
3099,Mike Johanns,James W. Demint,1
3102,Mike Johanns,Charles Ernest Grassley,1
3104,Mike Johanns,E. Benjamin Nelson,1
3105,Mike Johanns,Jeff Sessions,1
3106,Mike Johanns,Daniel Ray Coats,1
3107,Mike Johanns,Richard Craig Shelby,1
3108,Mike Johanns,Bob Corker,1
3111,Mike Johanns,Kelly Ayotte,1
3114,Mike Johanns,Mark Steven Kirk,1
3115,Mike Johanns,Johnny Isakson,1
3116,Mike Johanns,Pat Roberts,1
3117,Mike Johanns,Pat Toomey,1
3120,Mike Johanns,Saxby Chambliss,1
3123,Mike Johanns,Richard Green Lugar,1
3125,Mike Johanns,Mike Lee,1
3126,Mike Johanns,Ron Johnson,1
3127,Mike Johanns,Dean Heller,1
3129,Mike Johanns,Thad Cochran,1
3130,Mike Johanns,James E. Risch,1
3133,Joseph I. Lieberman,Jeanne Shaheen,1
3141,Joseph I. Lieberman,Thomas R. Carper,1
3159,Joseph I. Lieberman,Benjamin L. Cardin,1
3173,Joseph I. Lieberman,Richard Blumenthal,1
3175,Joseph I. Lieberman,John F. Reed,1
3187,Joseph I. Lieberman,Susan Margaret Collins,1
3189,Joseph I. Lieberman,Christopher A. Coons,1
3196,Joseph I. Lieberman,Sheldon Whitehouse,1
3220,Joseph I. Lieberman,Clarence William Nelson,1
3223,Joseph I. Lieberman,Scott P. Brown,1
3239,Lindsey O. Graham,John Boozman,1
3240,Lindsey O. Graham,Marco Rubio,1
3241,Lindsey O. Graham,Jim Inhofe,1
3250,Lindsey O. Graham,John Sidney Mccain,1
3252,Lindsey O. Graham,Tom Coburn,1
3254,Lindsey O. Graham,Michael B. Enzi,1
3255,Lindsey O. Graham,John Barrasso,1
3256,Lindsey O. Graham,John Cornyn,1
3258,Lindsey O. Graham,David Vitter,1
3261,Lindsey O. Graham,Kay Bailey Hutchison,1
3262,Lindsey O. Graham,Mike Johanns,1
3268,Lindsey O. Graham,Jon Llewellyn Kyl,1
3269,Lindsey O. Graham,Rand Paul,1
3273,Lindsey O. Graham,John R. Thune,1
3275,Lindsey O. Graham,Rob Portman,1
3277,Lindsey O. Graham,Michael D. Crapo,1
3281,Lindsey O. Graham,Jerry Moran,1
3282,Lindsey O. Graham,Mitch Mcconnell,1
3283,Lindsey O. Graham,Lamar Alexander,1
3284,Lindsey O. Graham,Roger F. Wicker,1
3286,Lindsey O. Graham,Orrin Grant Hatch,1
3287,Lindsey O. Graham,Roy Blunt,1
3292,Lindsey O. Graham,Richard Burr,1
3294,Lindsey O. Graham,John Hoeven,1
3301,Lindsey O. Graham,James W. Demint,1
3304,Lindsey O. Graham,Charles Ernest Grassley,1
3307,Lindsey O. Graham,Jeff Sessions,1
3308,Lindsey O. Graham,Daniel Ray Coats,1
3309,Lindsey O. Graham,Richard Craig Shelby,1
3310,Lindsey O. Graham,Bob Corker,1
3313,Lindsey O. Graham,Kelly Ayotte,1
3316,Lindsey O. Graham,Mark Steven Kirk,1
3317,Lindsey O. Graham,Johnny Isakson,1
3318,Lindsey O. Graham,Pat Roberts,1
3319,Lindsey O. Graham,Pat Toomey,1
3322,Lindsey O. Graham,Saxby Chambliss,1
3325,Lindsey O. Graham,Richard Green Lugar,1
3327,Lindsey O. Graham,Mike Lee,1
3328,Lindsey O. Graham,Ron Johnson,1
3329,Lindsey O. Graham,Dean Heller,1
3331,Lindsey O. Graham,Thad Cochran,1
3332,Lindsey O. Graham,James E. Risch,1
3340,Lisa Murkowski,John Boozman,1
3355,Lisa Murkowski,Michael B. Enzi,1
3356,Lisa Murkowski,John Barrasso,1
3362,Lisa Murkowski,Kay Bailey Hutchison,1
3374,Lisa Murkowski,John R. Thune,1
3376,Lisa Murkowski,Rob Portman,1
3378,Lisa Murkowski,Michael D. Crapo,1
3382,Lisa Murkowski,Jerry Moran,1
3395,Lisa Murkowski,John Hoeven,1
3403,Lisa Murkowski,Mark Begich,1
3409,Lisa Murkowski,Daniel Ray Coats,1
3414,Lisa Murkowski,Kelly Ayotte,1
3423,Lisa Murkowski,Saxby Chambliss,1
3430,Lisa Murkowski,Dean Heller,1
3433,Lisa Murkowski,James E. Risch,1
3436,Mary Landrieu,Jeanne Shaheen,1
3462,Mary Landrieu,Benjamin L. Cardin,1
3472,Mary Landrieu,Deborah Ann Stabenow,1
3492,Mary Landrieu,Christopher A. Coons,1
3505,Mary Landrieu,Michael F. Bennet,1
3508,Mary Landrieu,E. Benjamin Nelson,1
3513,Mary Landrieu,Mark R. Warner,1
3537,Robert Menendez,Jeanne Shaheen,1
3549,Robert Menendez,Frank R. Lautenberg,1
3551,Robert Menendez,Bernard Sanders,1
3556,Robert Menendez,Richard J. Durbin,1
3563,Robert Menendez,Benjamin L. Cardin,1
3573,Robert Menendez,Deborah Ann Stabenow,1
3574,Robert Menendez,Kirsten E. Gillibrand,1
3577,Robert Menendez,Richard Blumenthal,1
3579,Robert Menendez,John F. Reed,1
3588,Robert Menendez,Barbara Boxer,1
3600,Robert Menendez,Sheldon Whitehouse,1
3617,Robert Menendez,Barbara Ann Mikulski,1
3623,Robert Menendez,Jeff Merkley,1
3624,Robert Menendez,Clarence William Nelson,1
3643,Jon Llewellyn Kyl,John Boozman,1
3644,Jon Llewellyn Kyl,Marco Rubio,1
3645,Jon Llewellyn Kyl,Jim Inhofe,1
3654,Jon Llewellyn Kyl,John Sidney Mccain,1
3656,Jon Llewellyn Kyl,Tom Coburn,1
3658,Jon Llewellyn Kyl,Michael B. Enzi,1
3659,Jon Llewellyn Kyl,John Barrasso,1
3660,Jon Llewellyn Kyl,John Cornyn,1
3662,Jon Llewellyn Kyl,David Vitter,1
3665,Jon Llewellyn Kyl,Kay Bailey Hutchison,1
3666,Jon Llewellyn Kyl,Mike Johanns,1
3668,Jon Llewellyn Kyl,Lindsey O. Graham,1
3673,Jon Llewellyn Kyl,Rand Paul,1
3677,Jon Llewellyn Kyl,John R. Thune,1
3679,Jon Llewellyn Kyl,Rob Portman,1
3681,Jon Llewellyn Kyl,Michael D. Crapo,1
3685,Jon Llewellyn Kyl,Jerry Moran,1
3686,Jon Llewellyn Kyl,Mitch Mcconnell,1
3687,Jon Llewellyn Kyl,Lamar Alexander,1
3688,Jon Llewellyn Kyl,Roger F. Wicker,1
3690,Jon Llewellyn Kyl,Orrin Grant Hatch,1
3691,Jon Llewellyn Kyl,Roy Blunt,1
3696,Jon Llewellyn Kyl,Richard Burr,1
3698,Jon Llewellyn Kyl,John Hoeven,1
3705,Jon Llewellyn Kyl,James W. Demint,1
3708,Jon Llewellyn Kyl,Charles Ernest Grassley,1
3711,Jon Llewellyn Kyl,Jeff Sessions,1
3712,Jon Llewellyn Kyl,Daniel Ray Coats,1
3713,Jon Llewellyn Kyl,Richard Craig Shelby,1
3714,Jon Llewellyn Kyl,Bob Corker,1
3717,Jon Llewellyn Kyl,Kelly Ayotte,1
3720,Jon Llewellyn Kyl,Mark Steven Kirk,1
3721,Jon Llewellyn Kyl,Johnny Isakson,1
3722,Jon Llewellyn Kyl,Pat Roberts,1
3723,Jon Llewellyn Kyl,Pat Toomey,1
3726,Jon Llewellyn Kyl,Saxby Chambliss,1
3729,Jon Llewellyn Kyl,Richard Green Lugar,1
3731,Jon Llewellyn Kyl,Mike Lee,1
3732,Jon Llewellyn Kyl,Ron Johnson,1
3733,Jon Llewellyn Kyl,Dean Heller,1
3735,Jon Llewellyn Kyl,Thad Cochran,1
3736,Jon Llewellyn Kyl,James E. Risch,1
3744,Rand Paul,John Boozman,1
3745,Rand Paul,Marco Rubio,1
3746,Rand Paul,Jim Inhofe,1
3755,Rand Paul,John Sidney Mccain,1
3757,Rand Paul,Tom Coburn,1
3759,Rand Paul,Michael B. Enzi,1
3760,Rand Paul,John Barrasso,1
3761,Rand Paul,John Cornyn,1
3763,Rand Paul,David Vitter,1
3766,Rand Paul,Kay Bailey Hutchison,1
3767,Rand Paul,Mike Johanns,1
3769,Rand Paul,Lindsey O. Graham,1
3773,Rand Paul,Jon Llewellyn Kyl,1
3778,Rand Paul,John R. Thune,1
3782,Rand Paul,Michael D. Crapo,1
3786,Rand Paul,Jerry Moran,1
3787,Rand Paul,Mitch Mcconnell,1
3789,Rand Paul,Roger F. Wicker,1
3791,Rand Paul,Orrin Grant Hatch,1
3792,Rand Paul,Roy Blunt,1
3797,Rand Paul,Richard Burr,1
3799,Rand Paul,John Hoeven,1
3806,Rand Paul,James W. Demint,1
3809,Rand Paul,Charles Ernest Grassley,1
3812,Rand Paul,Jeff Sessions,1
3813,Rand Paul,Daniel Ray Coats,1
3814,Rand Paul,Richard Craig Shelby,1
3815,Rand Paul,Bob Corker,1
3818,Rand Paul,Kelly Ayotte,1
3822,Rand Paul,Johnny Isakson,1
3823,Rand Paul,Pat Roberts,1
3824,Rand Paul,Pat Toomey,1
3827,Rand Paul,Saxby Chambliss,1
3832,Rand Paul,Mike Lee,1
3833,Rand Paul,Ron Johnson,1
3837,Rand Paul,James E. Risch,1
3840,Deborah Ann Stabenow,Jeanne Shaheen,1
3842,Deborah Ann Stabenow,Charles E. Schumer,1
3852,Deborah Ann Stabenow,Frank R. Lautenberg,1
3854,Deborah Ann Stabenow,Bernard Sanders,1
3863,Deborah Ann Stabenow,Mark Udall,1
3865,Deborah Ann Stabenow,Olympia J. Snowe,1
3866,Deborah Ann Stabenow,Benjamin L. Cardin,1
3872,Deborah Ann Stabenow,Mary Landrieu,1
3873,Deborah Ann Stabenow,Robert Menendez,1
3877,Deborah Ann Stabenow,Kirsten E. Gillibrand,1
3880,Deborah Ann Stabenow,Richard Blumenthal,1
3882,Deborah Ann Stabenow,John F. Reed,1
3884,Deborah Ann Stabenow,Sherrod Brown,1
3885,Deborah Ann Stabenow,Maria Cantwell,1
3891,Deborah Ann Stabenow,Barbara Boxer,1
3896,Deborah Ann Stabenow,Christopher A. Coons,1
3903,Deborah Ann Stabenow,Sheldon Whitehouse,1
3904,Deborah Ann Stabenow,Kay R. Hagan,1
3905,Deborah Ann Stabenow,Amy Klobuchar,1
3906,Deborah Ann Stabenow,Daniel Kohikina Akaka,1
3909,Deborah Ann Stabenow,Michael F. Bennet,1
3911,Deborah Ann Stabenow,Tim Johnson,1
3918,Deborah Ann Stabenow,Al Franken,1
3920,Deborah Ann Stabenow,Barbara Ann Mikulski,1
3921,Deborah Ann Stabenow,Carl Milton Levin,1
3926,Deborah Ann Stabenow,Jeff Merkley,1
3927,Deborah Ann Stabenow,Clarence William Nelson,1
3941,Kirsten E. Gillibrand,Jeanne Shaheen,1
3942,Kirsten E. Gillibrand,Ron Wyden,1
3943,Kirsten E. Gillibrand,Charles E. Schumer,1
3945,Kirsten E. Gillibrand,Thomas Richard Harkin,1
3950,Kirsten E. Gillibrand,Patrick Joseph Leahy,1
3953,Kirsten E. Gillibrand,Frank R. Lautenberg,1
3955,Kirsten E. Gillibrand,Bernard Sanders,1
3960,Kirsten E. Gillibrand,Richard J. Durbin,1
3967,Kirsten E. Gillibrand,Benjamin L. Cardin,1
3974,Kirsten E. Gillibrand,Robert Menendez,1
3977,Kirsten E. Gillibrand,Deborah Ann Stabenow,1
3981,Kirsten E. Gillibrand,Richard Blumenthal,1
3983,Kirsten E. Gillibrand,John F. Reed,1
3985,Kirsten E. Gillibrand,Sherrod Brown,1
3992,Kirsten E. Gillibrand,Barbara Boxer,1
3997,Kirsten E. Gillibrand,Christopher A. Coons,1
4004,Kirsten E. Gillibrand,Sheldon Whitehouse,1
4007,Kirsten E. Gillibrand,Daniel Kohikina Akaka,1
4010,Kirsten E. Gillibrand,Michael F. Bennet,1
4019,Kirsten E. Gillibrand,Al Franken,1
4021,Kirsten E. Gillibrand,Barbara Ann Mikulski,1
4027,Kirsten E. Gillibrand,Jeff Merkley,1
4028,Kirsten E. Gillibrand,Clarence William Nelson,1
4047,Mark Lunsford Pryor,John Boozman,1
4129,Mark Lunsford Pryor,Clarence William Nelson,1
4134,Mark Lunsford Pryor,Claire Mccaskill,1
4138,Mark Lunsford Pryor,Joe Manchin,1
4148,John R. Thune,John Boozman,1
4149,John R. Thune,Marco Rubio,1
4150,John R. Thune,Jim Inhofe,1
4159,John R. Thune,John Sidney Mccain,1
4161,John R. Thune,Tom Coburn,1
4163,John R. Thune,Michael B. Enzi,1
4164,John R. Thune,John Barrasso,1
4165,John R. Thune,John Cornyn,1
4167,John R. Thune,David Vitter,1
4170,John R. Thune,Kay Bailey Hutchison,1
4171,John R. Thune,Mike Johanns,1
4173,John R. Thune,Lindsey O. Graham,1
4174,John R. Thune,Lisa Murkowski,1
4177,John R. Thune,Jon Llewellyn Kyl,1
4178,John R. Thune,Rand Paul,1
4184,John R. Thune,Rob Portman,1
4186,John R. Thune,Michael D. Crapo,1
4190,John R. Thune,Jerry Moran,1
4191,John R. Thune,Mitch Mcconnell,1
4192,John R. Thune,Lamar Alexander,1
4193,John R. Thune,Roger F. Wicker,1
4195,John R. Thune,Orrin Grant Hatch,1
4196,John R. Thune,Roy Blunt,1
4201,John R. Thune,Richard Burr,1
4203,John R. Thune,John Hoeven,1
4210,John R. Thune,James W. Demint,1
4213,John R. Thune,Charles Ernest Grassley,1
4216,John R. Thune,Jeff Sessions,1
4217,John R. Thune,Daniel Ray Coats,1
4218,John R. Thune,Richard Craig Shelby,1
4219,John R. Thune,Bob Corker,1
4222,John R. Thune,Kelly Ayotte,1
4225,John R. Thune,Mark Steven Kirk,1
4226,John R. Thune,Johnny Isakson,1
4227,John R. Thune,Pat Roberts,1
4228,John R. Thune,Pat Toomey,1
4231,John R. Thune,Saxby Chambliss,1
4234,John R. Thune,Richard Green Lugar,1
4236,John R. Thune,Mike Lee,1
4237,John R. Thune,Ron Johnson,1
4238,John R. Thune,Dean Heller,1
4240,John R. Thune,Thad Cochran,1
4241,John R. Thune,James E. Risch,1
4244,Richard Blumenthal,Jeanne Shaheen,1
4245,Richard Blumenthal,Ron Wyden,1
4246,Richard Blumenthal,Charles E. Schumer,1
4248,Richard Blumenthal,Thomas Richard Harkin,1
4253,Richard Blumenthal,Patrick Joseph Leahy,1
4256,Richard Blumenthal,Frank R. Lautenberg,1
4258,Richard Blumenthal,Bernard Sanders,1
4261,Richard Blumenthal,Herbert H. Kohl,1
4263,Richard Blumenthal,Richard J. Durbin,1
4270,Richard Blumenthal,Benjamin L. Cardin,1
4273,Richard Blumenthal,Joseph I. Lieberman,1
4277,Richard Blumenthal,Robert Menendez,1
4280,Richard Blumenthal,Deborah Ann Stabenow,1
4281,Richard Blumenthal,Kirsten E. Gillibrand,1
4286,Richard Blumenthal,John F. Reed,1
4288,Richard Blumenthal,Sherrod Brown,1
4295,Richard Blumenthal,Barbara Boxer,1
4300,Richard Blumenthal,Christopher A. Coons,1
4307,Richard Blumenthal,Sheldon Whitehouse,1
4309,Richard Blumenthal,Amy Klobuchar,1
4310,Richard Blumenthal,Daniel Kohikina Akaka,1
4313,Richard Blumenthal,Michael F. Bennet,1
4322,Richard Blumenthal,Al Franken,1
4324,Richard Blumenthal,Barbara Ann Mikulski,1
4330,Richard Blumenthal,Jeff Merkley,1
4350,Rob Portman,John Boozman,1
4351,Rob Portman,Marco Rubio,1
4352,Rob Portman,Jim Inhofe,1
4361,Rob Portman,John Sidney Mccain,1
4363,Rob Portman,Tom Coburn,1
4365,Rob Portman,Michael B. Enzi,1
4366,Rob Portman,John Barrasso,1
4367,Rob Portman,John Cornyn,1
4369,Rob Portman,David Vitter,1
4372,Rob Portman,Kay Bailey Hutchison,1
4373,Rob Portman,Mike Johanns,1
4375,Rob Portman,Lindsey O. Graham,1
4376,Rob Portman,Lisa Murkowski,1
4379,Rob Portman,Jon Llewellyn Kyl,1
4384,Rob Portman,John R. Thune,1
4388,Rob Portman,Michael D. Crapo,1
4392,Rob Portman,Jerry Moran,1
4393,Rob Portman,Mitch Mcconnell,1
4394,Rob Portman,Lamar Alexander,1
4395,Rob Portman,Roger F. Wicker,1
4397,Rob Portman,Orrin Grant Hatch,1
4398,Rob Portman,Roy Blunt,1
4403,Rob Portman,Richard Burr,1
4405,Rob Portman,John Hoeven,1
4415,Rob Portman,Charles Ernest Grassley,1
4418,Rob Portman,Jeff Sessions,1
4419,Rob Portman,Daniel Ray Coats,1
4420,Rob Portman,Richard Craig Shelby,1
4421,Rob Portman,Bob Corker,1
4424,Rob Portman,Kelly Ayotte,1
4427,Rob Portman,Mark Steven Kirk,1
4428,Rob Portman,Johnny Isakson,1
4429,Rob Portman,Pat Roberts,1
4430,Rob Portman,Pat Toomey,1
4433,Rob Portman,Saxby Chambliss,1
4436,Rob Portman,Richard Green Lugar,1
4438,Rob Portman,Mike Lee,1
4439,Rob Portman,Ron Johnson,1
4440,Rob Portman,Dean Heller,1
4441,Rob Portman,Joe Manchin,1
4442,Rob Portman,Thad Cochran,1
4443,Rob Portman,James E. Risch,1
4446,John F. Reed,Jeanne Shaheen,1
4447,John F. Reed,Ron Wyden,1
4448,John F. Reed,Charles E. Schumer,1
4450,John F. Reed,Thomas Richard Harkin,1
4455,John F. Reed,Patrick Joseph Leahy,1
4458,John F. Reed,Frank R. Lautenberg,1
4460,John F. Reed,Bernard Sanders,1
4461,John F. Reed,John Forbes Kerry,1
4465,John F. Reed,Richard J. Durbin,1
4472,John F. Reed,Benjamin L. Cardin,1
4475,John F. Reed,Joseph I. Lieberman,1
4479,John F. Reed,Robert Menendez,1
4482,John F. Reed,Deborah Ann Stabenow,1
4483,John F. Reed,Kirsten E. Gillibrand,1
4486,John F. Reed,Richard Blumenthal,1
4490,John F. Reed,Sherrod Brown,1
4492,John F. Reed,Patty Murray,1
4497,John F. Reed,Barbara Boxer,1
4502,John F. Reed,Christopher A. Coons,1
4507,John F. Reed,Daniel Ken Inouye,1
4509,John F. Reed,Sheldon Whitehouse,1
4512,John F. Reed,Daniel Kohikina Akaka,1
4515,John F. Reed,Michael F. Bennet,1
4517,John F. Reed,Tim Johnson,1
4524,John F. Reed,Al Franken,1
4526,John F. Reed,Barbara Ann Mikulski,1
4527,John F. Reed,Carl Milton Levin,1
4532,John F. Reed,Jeff Merkley,1
4552,Michael D. Crapo,John Boozman,1
4553,Michael D. Crapo,Marco Rubio,1
4554,Michael D. Crapo,Jim Inhofe,1
4563,Michael D. Crapo,John Sidney Mccain,1
4565,Michael D. Crapo,Tom Coburn,1
4567,Michael D. Crapo,Michael B. Enzi,1
4568,Michael D. Crapo,John Barrasso,1
4569,Michael D. Crapo,John Cornyn,1
4571,Michael D. Crapo,David Vitter,1
4574,Michael D. Crapo,Kay Bailey Hutchison,1
4575,Michael D. Crapo,Mike Johanns,1
4577,Michael D. Crapo,Lindsey O. Graham,1
4578,Michael D. Crapo,Lisa Murkowski,1
4581,Michael D. Crapo,Jon Llewellyn Kyl,1
4582,Michael D. Crapo,Rand Paul,1
4586,Michael D. Crapo,John R. Thune,1
4588,Michael D. Crapo,Rob Portman,1
4594,Michael D. Crapo,Jerry Moran,1
4595,Michael D. Crapo,Mitch Mcconnell,1
4596,Michael D. Crapo,Lamar Alexander,1
4597,Michael D. Crapo,Roger F. Wicker,1
4599,Michael D. Crapo,Orrin Grant Hatch,1
4600,Michael D. Crapo,Roy Blunt,1
4605,Michael D. Crapo,Richard Burr,1
4607,Michael D. Crapo,John Hoeven,1
4614,Michael D. Crapo,James W. Demint,1
4617,Michael D. Crapo,Charles Ernest Grassley,1
4620,Michael D. Crapo,Jeff Sessions,1
4621,Michael D. Crapo,Daniel Ray Coats,1
4622,Michael D. Crapo,Richard Craig Shelby,1
4623,Michael D. Crapo,Bob Corker,1
4626,Michael D. Crapo,Kelly Ayotte,1
4629,Michael D. Crapo,Mark Steven Kirk,1
4630,Michael D. Crapo,Johnny Isakson,1
4631,Michael D. Crapo,Pat Roberts,1
4632,Michael D. Crapo,Pat Toomey,1
4635,Michael D. Crapo,Saxby Chambliss,1
4638,Michael D. Crapo,Richard Green Lugar,1
4640,Michael D. Crapo,Mike Lee,1
4641,Michael D. Crapo,Ron Johnson,1
4642,Michael D. Crapo,Dean Heller,1
4644,Michael D. Crapo,Thad Cochran,1
4645,Michael D. Crapo,James E. Risch,1
4648,Sherrod Brown,Jeanne Shaheen,1
4652,Sherrod Brown,Thomas Richard Harkin,1
4660,Sherrod Brown,Frank R. Lautenberg,1
4662,Sherrod Brown,Bernard Sanders,1
4667,Sherrod Brown,Richard J. Durbin,1
4674,Sherrod Brown,Benjamin L. Cardin,1
4684,Sherrod Brown,Deborah Ann Stabenow,1
4685,Sherrod Brown,Kirsten E. Gillibrand,1
4688,Sherrod Brown,Richard Blumenthal,1
4690,Sherrod Brown,John F. Reed,1
4699,Sherrod Brown,Barbara Boxer,1
4711,Sherrod Brown,Sheldon Whitehouse,1
4714,Sherrod Brown,Daniel Kohikina Akaka,1
4717,Sherrod Brown,Michael F. Bennet,1
4719,Sherrod Brown,Tim Johnson,1
4726,Sherrod Brown,Al Franken,1
4728,Sherrod Brown,Barbara Ann Mikulski,1
4734,Sherrod Brown,Jeff Merkley,1
4749,Maria Cantwell,Jeanne Shaheen,1
4750,Maria Cantwell,Ron Wyden,1
4785,Maria Cantwell,Deborah Ann Stabenow,1
4795,Maria Cantwell,Patty Murray,1
4800,Maria Cantwell,Barbara Boxer,1
4806,Maria Cantwell,Tom Udall,1
4812,Maria Cantwell,Sheldon Whitehouse,1
4818,Maria Cantwell,Michael F. Bennet,1
4829,Maria Cantwell,Barbara Ann Mikulski,1
4835,Maria Cantwell,Jeff Merkley,1
4850,Patty Murray,Jeanne Shaheen,1
4851,Patty Murray,Ron Wyden,1
4862,Patty Murray,Frank R. Lautenberg,1
4864,Patty Murray,Bernard Sanders,1
4869,Patty Murray,Richard J. Durbin,1
4892,Patty Murray,John F. Reed,1
4895,Patty Murray,Maria Cantwell,1
4901,Patty Murray,Barbara Boxer,1
4913,Patty Murray,Sheldon Whitehouse,1
4916,Patty Murray,Daniel Kohikina Akaka,1
4918,Patty Murray,Mark Begich,1
4919,Patty Murray,Michael F. Bennet,1
4928,Patty Murray,Al Franken,1
4930,Patty Murray,Barbara Ann Mikulski,1
4936,Patty Murray,Jeff Merkley,1
4956,Jerry Moran,John Boozman,1
4957,Jerry Moran,Marco Rubio,1
4958,Jerry Moran,Jim Inhofe,1
4967,Jerry Moran,John Sidney Mccain,1
4969,Jerry Moran,Tom Coburn,1
4971,Jerry Moran,Michael B. Enzi,1
4972,Jerry Moran,John Barrasso,1
4973,Jerry Moran,John Cornyn,1
4975,Jerry Moran,David Vitter,1
4978,Jerry Moran,Kay Bailey Hutchison,1
4979,Jerry Moran,Mike Johanns,1
4981,Jerry Moran,Lindsey O. Graham,1
4982,Jerry Moran,Lisa Murkowski,1
4985,Jerry Moran,Jon Llewellyn Kyl,1
4986,Jerry Moran,Rand Paul,1
4990,Jerry Moran,John R. Thune,1
4992,Jerry Moran,Rob Portman,1
4994,Jerry Moran,Michael D. Crapo,1
4999,Jerry Moran,Mitch Mcconnell,1
5000,Jerry Moran,Lamar Alexander,1
5001,Jerry Moran,Roger F. Wicker,1
5003,Jerry Moran,Orrin Grant Hatch,1
5004,Jerry Moran,Roy Blunt,1
5005,Jerry Moran,Susan Margaret Collins,1
5009,Jerry Moran,Richard Burr,1
5011,Jerry Moran,John Hoeven,1
5018,Jerry Moran,James W. Demint,1
5021,Jerry Moran,Charles Ernest Grassley,1
5023,Jerry Moran,E. Benjamin Nelson,1
5024,Jerry Moran,Jeff Sessions,1
5025,Jerry Moran,Daniel Ray Coats,1
5026,Jerry Moran,Richard Craig Shelby,1
5027,Jerry Moran,Bob Corker,1
5030,Jerry Moran,Kelly Ayotte,1
5033,Jerry Moran,Mark Steven Kirk,1
5034,Jerry Moran,Johnny Isakson,1
5035,Jerry Moran,Pat Roberts,1
5036,Jerry Moran,Pat Toomey,1
5039,Jerry Moran,Saxby Chambliss,1
5042,Jerry Moran,Richard Green Lugar,1
5044,Jerry Moran,Mike Lee,1
5045,Jerry Moran,Ron Johnson,1
5046,Jerry Moran,Dean Heller,1
5048,Jerry Moran,Thad Cochran,1
5049,Jerry Moran,James E. Risch,1
5050,Mitch Mcconnell,Harry M. Reid,1
5057,Mitch Mcconnell,John Boozman,1
5058,Mitch Mcconnell,Marco Rubio,1
5059,Mitch Mcconnell,Jim Inhofe,1
5068,Mitch Mcconnell,John Sidney Mccain,1
5070,Mitch Mcconnell,Tom Coburn,1
5072,Mitch Mcconnell,Michael B. Enzi,1
5073,Mitch Mcconnell,John Barrasso,1
5074,Mitch Mcconnell,John Cornyn,1
5076,Mitch Mcconnell,David Vitter,1
5079,Mitch Mcconnell,Kay Bailey Hutchison,1
5080,Mitch Mcconnell,Mike Johanns,1
5082,Mitch Mcconnell,Lindsey O. Graham,1
5086,Mitch Mcconnell,Jon Llewellyn Kyl,1
5087,Mitch Mcconnell,Rand Paul,1
5091,Mitch Mcconnell,John R. Thune,1
5093,Mitch Mcconnell,Rob Portman,1
5095,Mitch Mcconnell,Michael D. Crapo,1
5099,Mitch Mcconnell,Jerry Moran,1
5101,Mitch Mcconnell,Lamar Alexander,1
5102,Mitch Mcconnell,Roger F. Wicker,1
5104,Mitch Mcconnell,Orrin Grant Hatch,1
5105,Mitch Mcconnell,Roy Blunt,1
5110,Mitch Mcconnell,Richard Burr,1
5112,Mitch Mcconnell,John Hoeven,1
5119,Mitch Mcconnell,James W. Demint,1
5122,Mitch Mcconnell,Charles Ernest Grassley,1
5125,Mitch Mcconnell,Jeff Sessions,1
5126,Mitch Mcconnell,Daniel Ray Coats,1
5127,Mitch Mcconnell,Richard Craig Shelby,1
5128,Mitch Mcconnell,Bob Corker,1
5131,Mitch Mcconnell,Kelly Ayotte,1
5135,Mitch Mcconnell,Johnny Isakson,1
5136,Mitch Mcconnell,Pat Roberts,1
5137,Mitch Mcconnell,Pat Toomey,1
5140,Mitch Mcconnell,Saxby Chambliss,1
5143,Mitch Mcconnell,Richard Green Lugar,1
5145,Mitch Mcconnell,Mike Lee,1
5146,Mitch Mcconnell,Ron Johnson,1
5149,Mitch Mcconnell,Thad Cochran,1
5150,Mitch Mcconnell,James E. Risch,1
5158,Lamar Alexander,John Boozman,1
5159,Lamar Alexander,Marco Rubio,1
5160,Lamar Alexander,Jim Inhofe,1
5169,Lamar Alexander,John Sidney Mccain,1
5171,Lamar Alexander,Tom Coburn,1
5173,Lamar Alexander,Michael B. Enzi,1
5174,Lamar Alexander,John Barrasso,1
5175,Lamar Alexander,John Cornyn,1
5177,Lamar Alexander,David Vitter,1
5180,Lamar Alexander,Kay Bailey Hutchison,1
5181,Lamar Alexander,Mike Johanns,1
5183,Lamar Alexander,Lindsey O. Graham,1
5187,Lamar Alexander,Jon Llewellyn Kyl,1
5192,Lamar Alexander,John R. Thune,1
5194,Lamar Alexander,Rob Portman,1
5196,Lamar Alexander,Michael D. Crapo,1
5200,Lamar Alexander,Jerry Moran,1
5201,Lamar Alexander,Mitch Mcconnell,1
5203,Lamar Alexander,Roger F. Wicker,1
5205,Lamar Alexander,Orrin Grant Hatch,1
5206,Lamar Alexander,Roy Blunt,1
5211,Lamar Alexander,Richard Burr,1
5213,Lamar Alexander,John Hoeven,1
5223,Lamar Alexander,Charles Ernest Grassley,1
5226,Lamar Alexander,Jeff Sessions,1
5227,Lamar Alexander,Daniel Ray Coats,1
5228,Lamar Alexander,Richard Craig Shelby,1
5229,Lamar Alexander,Bob Corker,1
5232,Lamar Alexander,Kelly Ayotte,1
5235,Lamar Alexander,Mark Steven Kirk,1
5236,Lamar Alexander,Johnny Isakson,1
5237,Lamar Alexander,Pat Roberts,1
5238,Lamar Alexander,Pat Toomey,1
5241,Lamar Alexander,Saxby Chambliss,1
5244,Lamar Alexander,Richard Green Lugar,1
5246,Lamar Alexander,Mike Lee,1
5247,Lamar Alexander,Ron Johnson,1
5250,Lamar Alexander,Thad Cochran,1
5251,Lamar Alexander,James E. Risch,1
5259,Roger F. Wicker,John Boozman,1
5260,Roger F. Wicker,Marco Rubio,1
5261,Roger F. Wicker,Jim Inhofe,1
5270,Roger F. Wicker,John Sidney Mccain,1
5272,Roger F. Wicker,Tom Coburn,1
5274,Roger F. Wicker,Michael B. Enzi,1
5275,Roger F. Wicker,John Barrasso,1
5276,Roger F. Wicker,John Cornyn,1
5278,Roger F. Wicker,David Vitter,1
5281,Roger F. Wicker,Kay Bailey Hutchison,1
5282,Roger F. Wicker,Mike Johanns,1
5284,Roger F. Wicker,Lindsey O. Graham,1
5288,Roger F. Wicker,Jon Llewellyn Kyl,1
5289,Roger F. Wicker,Rand Paul,1
5293,Roger F. Wicker,John R. Thune,1
5295,Roger F. Wicker,Rob Portman,1
5297,Roger F. Wicker,Michael D. Crapo,1
5301,Roger F. Wicker,Jerry Moran,1
5302,Roger F. Wicker,Mitch Mcconnell,1
5303,Roger F. Wicker,Lamar Alexander,1
5306,Roger F. Wicker,Orrin Grant Hatch,1
5307,Roger F. Wicker,Roy Blunt,1
5312,Roger F. Wicker,Richard Burr,1
5314,Roger F. Wicker,John Hoeven,1
5321,Roger F. Wicker,James W. Demint,1
5324,Roger F. Wicker,Charles Ernest Grassley,1
5327,Roger F. Wicker,Jeff Sessions,1
5328,Roger F. Wicker,Daniel Ray Coats,1
5329,Roger F. Wicker,Richard Craig Shelby,1
5330,Roger F. Wicker,Bob Corker,1
5333,Roger F. Wicker,Kelly Ayotte,1
5336,Roger F. Wicker,Mark Steven Kirk,1
5337,Roger F. Wicker,Johnny Isakson,1
5338,Roger F. Wicker,Pat Roberts,1
5339,Roger F. Wicker,Pat Toomey,1
5342,Roger F. Wicker,Saxby Chambliss,1
5345,Roger F. Wicker,Richard Green Lugar,1
5347,Roger F. Wicker,Mike Lee,1
5348,Roger F. Wicker,Ron Johnson,1
5349,Roger F. Wicker,Dean Heller,1
5351,Roger F. Wicker,Thad Cochran,1
5352,Roger F. Wicker,James E. Risch,1
5355,Barbara Boxer,Jeanne Shaheen,1
5356,Barbara Boxer,Ron Wyden,1
5359,Barbara Boxer,Thomas Richard Harkin,1
5364,Barbara Boxer,Patrick Joseph Leahy,1
5366,Barbara Boxer,Dianne Feinstein,1
5367,Barbara Boxer,Frank R. Lautenberg,1
5369,Barbara Boxer,Bernard Sanders,1
5370,Barbara Boxer,John Forbes Kerry,1
5374,Barbara Boxer,Richard J. Durbin,1
5378,Barbara Boxer,Mark Udall,1
5381,Barbara Boxer,Benjamin L. Cardin,1
5388,Barbara Boxer,Robert Menendez,1
5391,Barbara Boxer,Deborah Ann Stabenow,1
5392,Barbara Boxer,Kirsten E. Gillibrand,1
5395,Barbara Boxer,Richard Blumenthal,1
5397,Barbara Boxer,John F. Reed,1
5399,Barbara Boxer,Sherrod Brown,1
5400,Barbara Boxer,Maria Cantwell,1
5401,Barbara Boxer,Patty Murray,1
5411,Barbara Boxer,Christopher A. Coons,1
5412,Barbara Boxer,Tom Udall,1
5418,Barbara Boxer,Sheldon Whitehouse,1
5421,Barbara Boxer,Daniel Kohikina Akaka,1
5423,Barbara Boxer,Mark Begich,1
5424,Barbara Boxer,Michael F. Bennet,1
5433,Barbara Boxer,Al Franken,1
5435,Barbara Boxer,Barbara Ann Mikulski,1
5441,Barbara Boxer,Jeff Merkley,1
5442,Barbara Boxer,Clarence William Nelson,1
5461,Orrin Grant Hatch,John Boozman,1
5462,Orrin Grant Hatch,Marco Rubio,1
5463,Orrin Grant Hatch,Jim Inhofe,1
5472,Orrin Grant Hatch,John Sidney Mccain,1
5474,Orrin Grant Hatch,Tom Coburn,1
5476,Orrin Grant Hatch,Michael B. Enzi,1
5477,Orrin Grant Hatch,John Barrasso,1
5478,Orrin Grant Hatch,John Cornyn,1
5480,Orrin Grant Hatch,David Vitter,1
5483,Orrin Grant Hatch,Kay Bailey Hutchison,1
5484,Orrin Grant Hatch,Mike Johanns,1
5486,Orrin Grant Hatch,Lindsey O. Graham,1
5490,Orrin Grant Hatch,Jon Llewellyn Kyl,1
5491,Orrin Grant Hatch,Rand Paul,1
5495,Orrin Grant Hatch,John R. Thune,1
5497,Orrin Grant Hatch,Rob Portman,1
5499,Orrin Grant Hatch,Michael D. Crapo,1
5503,Orrin Grant Hatch,Jerry Moran,1
5504,Orrin Grant Hatch,Mitch Mcconnell,1
5505,Orrin Grant Hatch,Lamar Alexander,1
5506,Orrin Grant Hatch,Roger F. Wicker,1
5509,Orrin Grant Hatch,Roy Blunt,1
5514,Orrin Grant Hatch,Richard Burr,1
5516,Orrin Grant Hatch,John Hoeven,1
5523,Orrin Grant Hatch,James W. Demint,1
5526,Orrin Grant Hatch,Charles Ernest Grassley,1
5529,Orrin Grant Hatch,Jeff Sessions,1
5530,Orrin Grant Hatch,Daniel Ray Coats,1
5531,Orrin Grant Hatch,Richard Craig Shelby,1
5532,Orrin Grant Hatch,Bob Corker,1
5535,Orrin Grant Hatch,Kelly Ayotte,1
5539,Orrin Grant Hatch,Johnny Isakson,1
5540,Orrin Grant Hatch,Pat Roberts,1
5541,Orrin Grant Hatch,Pat Toomey,1
5544,Orrin Grant Hatch,Saxby Chambliss,1
5547,Orrin Grant Hatch,Richard Green Lugar,1
5549,Orrin Grant Hatch,Mike Lee,1
5550,Orrin Grant Hatch,Ron Johnson,1
5551,Orrin Grant Hatch,Dean Heller,1
5553,Orrin Grant Hatch,Thad Cochran,1
5554,Orrin Grant Hatch,James E. Risch,1
5562,Roy Blunt,John Boozman,1
5563,Roy Blunt,Marco Rubio,1
5564,Roy Blunt,Jim Inhofe,1
5573,Roy Blunt,John Sidney Mccain,1
5575,Roy Blunt,Tom Coburn,1
5577,Roy Blunt,Michael B. Enzi,1
5578,Roy Blunt,John Barrasso,1
5579,Roy Blunt,John Cornyn,1
5581,Roy Blunt,David Vitter,1
5584,Roy Blunt,Kay Bailey Hutchison,1
5585,Roy Blunt,Mike Johanns,1
5587,Roy Blunt,Lindsey O. Graham,1
5591,Roy Blunt,Jon Llewellyn Kyl,1
5592,Roy Blunt,Rand Paul,1
5596,Roy Blunt,John R. Thune,1
5598,Roy Blunt,Rob Portman,1
5600,Roy Blunt,Michael D. Crapo,1
5604,Roy Blunt,Jerry Moran,1
5605,Roy Blunt,Mitch Mcconnell,1
5606,Roy Blunt,Lamar Alexander,1
5607,Roy Blunt,Roger F. Wicker,1
5609,Roy Blunt,Orrin Grant Hatch,1
5615,Roy Blunt,Richard Burr,1
5617,Roy Blunt,John Hoeven,1
5624,Roy Blunt,James W. Demint,1
5627,Roy Blunt,Charles Ernest Grassley,1
5629,Roy Blunt,E. Benjamin Nelson,1
5630,Roy Blunt,Jeff Sessions,1
5631,Roy Blunt,Daniel Ray Coats,1
5632,Roy Blunt,Richard Craig Shelby,1
5633,Roy Blunt,Bob Corker,1
5636,Roy Blunt,Kelly Ayotte,1
5639,Roy Blunt,Mark Steven Kirk,1
5640,Roy Blunt,Johnny Isakson,1
5641,Roy Blunt,Pat Roberts,1
5642,Roy Blunt,Pat Toomey,1
5645,Roy Blunt,Saxby Chambliss,1
5648,Roy Blunt,Richard Green Lugar,1
5649,Roy Blunt,Claire Mccaskill,1
5650,Roy Blunt,Mike Lee,1
5651,Roy Blunt,Ron Johnson,1
5652,Roy Blunt,Dean Heller,1
5653,Roy Blunt,Joe Manchin,1
5654,Roy Blunt,Thad Cochran,1
5655,Roy Blunt,James E. Risch,1
5658,Susan Margaret Collins,Jeanne Shaheen,1
5683,Susan Margaret Collins,Olympia J. Snowe,1
5687,Susan Margaret Collins,Joseph I. Lieberman,1
5705,Susan Margaret Collins,Jerry Moran,1
5737,Susan Margaret Collins,Kelly Ayotte,1
5740,Susan Margaret Collins,Mark Steven Kirk,1
5748,Susan Margaret Collins,Scott P. Brown,1
5860,Christopher A. Coons,Jeanne Shaheen,1
5868,Christopher A. Coons,Thomas R. Carper,1
5869,Christopher A. Coons,Patrick Joseph Leahy,1
5872,Christopher A. Coons,Frank R. Lautenberg,1
5879,Christopher A. Coons,Richard J. Durbin,1
5883,Christopher A. Coons,Mark Udall,1
5886,Christopher A. Coons,Benjamin L. Cardin,1
5889,Christopher A. Coons,Joseph I. Lieberman,1
5892,Christopher A. Coons,Mary Landrieu,1
5896,Christopher A. Coons,Deborah Ann Stabenow,1
5897,Christopher A. Coons,Kirsten E. Gillibrand,1
5900,Christopher A. Coons,Richard Blumenthal,1
5902,Christopher A. Coons,John F. Reed,1
5911,Christopher A. Coons,Barbara Boxer,1
5923,Christopher A. Coons,Sheldon Whitehouse,1
5925,Christopher A. Coons,Amy Klobuchar,1
5929,Christopher A. Coons,Michael F. Bennet,1
5937,Christopher A. Coons,Mark R. Warner,1
5938,Christopher A. Coons,Al Franken,1
5940,Christopher A. Coons,Barbara Ann Mikulski,1
5946,Christopher A. Coons,Jeff Merkley,1
5961,Tom Udall,Jeanne Shaheen,1
5964,Tom Udall,Jon Tester,1
5974,Tom Udall,Jesse Francis Bingaman,1
5975,Tom Udall,Bernard Sanders,1
5984,Tom Udall,Mark Udall,1
6006,Tom Udall,Maria Cantwell,1
6012,Tom Udall,Barbara Boxer,1
6023,Tom Udall,Kent Conrad,1
6024,Tom Udall,Sheldon Whitehouse,1
6027,Tom Udall,Daniel Kohikina Akaka,1
6030,Tom Udall,Michael F. Bennet,1
6032,Tom Udall,Tim Johnson,1
6039,Tom Udall,Al Franken,1
6047,Tom Udall,Jeff Merkley,1
6067,Richard Burr,John Boozman,1
6068,Richard Burr,Marco Rubio,1
6069,Richard Burr,Jim Inhofe,1
6078,Richard Burr,John Sidney Mccain,1
6080,Richard Burr,Tom Coburn,1
6082,Richard Burr,Michael B. Enzi,1
6083,Richard Burr,John Barrasso,1
6084,Richard Burr,John Cornyn,1
6086,Richard Burr,David Vitter,1
6089,Richard Burr,Kay Bailey Hutchison,1
6090,Richard Burr,Mike Johanns,1
6092,Richard Burr,Lindsey O. Graham,1
6096,Richard Burr,Jon Llewellyn Kyl,1
6097,Richard Burr,Rand Paul,1
6101,Richard Burr,John R. Thune,1
6103,Richard Burr,Rob Portman,1
6105,Richard Burr,Michael D. Crapo,1
6109,Richard Burr,Jerry Moran,1
6110,Richard Burr,Mitch Mcconnell,1
6111,Richard Burr,Lamar Alexander,1
6112,Richard Burr,Roger F. Wicker,1
6114,Richard Burr,Orrin Grant Hatch,1
6115,Richard Burr,Roy Blunt,1
6122,Richard Burr,John Hoeven,1
6129,Richard Burr,James W. Demint,1
6132,Richard Burr,Charles Ernest Grassley,1
6135,Richard Burr,Jeff Sessions,1
6136,Richard Burr,Daniel Ray Coats,1
6137,Richard Burr,Richard Craig Shelby,1
6138,Richard Burr,Bob Corker,1
6141,Richard Burr,Kelly Ayotte,1
6144,Richard Burr,Mark Steven Kirk,1
6145,Richard Burr,Johnny Isakson,1
6146,Richard Burr,Pat Roberts,1
6147,Richard Burr,Pat Toomey,1
6150,Richard Burr,Saxby Chambliss,1
6152,Richard Burr,Scott P. Brown,1
6153,Richard Burr,Richard Green Lugar,1
6155,Richard Burr,Mike Lee,1
6156,Richard Burr,Ron Johnson,1
6157,Richard Burr,Dean Heller,1
6159,Richard Burr,Thad Cochran,1
6160,Richard Burr,James E. Risch,1
6259,Jay Rockefeller,Joe Manchin,1
6269,John Hoeven,John Boozman,1
6270,John Hoeven,Marco Rubio,1
6271,John Hoeven,Jim Inhofe,1
6280,John Hoeven,John Sidney Mccain,1
6282,John Hoeven,Tom Coburn,1
6284,John Hoeven,Michael B. Enzi,1
6285,John Hoeven,John Barrasso,1
6286,John Hoeven,John Cornyn,1
6288,John Hoeven,David Vitter,1
6291,John Hoeven,Kay Bailey Hutchison,1
6292,John Hoeven,Mike Johanns,1
6294,John Hoeven,Lindsey O. Graham,1
6295,John Hoeven,Lisa Murkowski,1
6298,John Hoeven,Jon Llewellyn Kyl,1
6299,John Hoeven,Rand Paul,1
6303,John Hoeven,John R. Thune,1
6305,John Hoeven,Rob Portman,1
6307,John Hoeven,Michael D. Crapo,1
6311,John Hoeven,Jerry Moran,1
6312,John Hoeven,Mitch Mcconnell,1
6313,John Hoeven,Lamar Alexander,1
6314,John Hoeven,Roger F. Wicker,1
6316,John Hoeven,Orrin Grant Hatch,1
6317,John Hoeven,Roy Blunt,1
6322,John Hoeven,Richard Burr,1
6326,John Hoeven,Kent Conrad,1
6331,John Hoeven,James W. Demint,1
6334,John Hoeven,Charles Ernest Grassley,1
6336,John Hoeven,E. Benjamin Nelson,1
6337,John Hoeven,Jeff Sessions,1
6338,John Hoeven,Daniel Ray Coats,1
6339,John Hoeven,Richard Craig Shelby,1
6340,John Hoeven,Bob Corker,1
6343,John Hoeven,Kelly Ayotte,1
6346,John Hoeven,Mark Steven Kirk,1
6347,John Hoeven,Johnny Isakson,1
6348,John Hoeven,Pat Roberts,1
6349,John Hoeven,Pat Toomey,1
6352,John Hoeven,Saxby Chambliss,1
6355,John Hoeven,Richard Green Lugar,1
6357,John Hoeven,Mike Lee,1
6358,John Hoeven,Ron Johnson,1
6359,John Hoeven,Dean Heller,1
6360,John Hoeven,Joe Manchin,1
6361,John Hoeven,Thad Cochran,1
6362,John Hoeven,James E. Risch,1
6407,Daniel Ken Inouye,John F. Reed,1
6431,Daniel Ken Inouye,Daniel Kohikina Akaka,1
6469,Kent Conrad,Jon Tester,1
6476,Kent Conrad,Max Sieben Baucus,1
6523,Kent Conrad,Tom Udall,1
6526,Kent Conrad,John Hoeven,1
6537,Kent Conrad,Tim Johnson,1
6538,Kent Conrad,E. Benjamin Nelson,1
6562,Kent Conrad,Joe Manchin,1
6567,Sheldon Whitehouse,Jeanne Shaheen,1
6568,Sheldon Whitehouse,Ron Wyden,1
6569,Sheldon Whitehouse,Charles E. Schumer,1
6571,Sheldon Whitehouse,Thomas Richard Harkin,1
6576,Sheldon Whitehouse,Patrick Joseph Leahy,1
6578,Sheldon Whitehouse,Dianne Feinstein,1
6579,Sheldon Whitehouse,Frank R. Lautenberg,1
6581,Sheldon Whitehouse,Bernard Sanders,1
6582,Sheldon Whitehouse,John Forbes Kerry,1
6584,Sheldon Whitehouse,Herbert H. Kohl,1
6586,Sheldon Whitehouse,Richard J. Durbin,1
6593,Sheldon Whitehouse,Benjamin L. Cardin,1
6596,Sheldon Whitehouse,Joseph I. Lieberman,1
6600,Sheldon Whitehouse,Robert Menendez,1
6603,Sheldon Whitehouse,Deborah Ann Stabenow,1
6604,Sheldon Whitehouse,Kirsten E. Gillibrand,1
6607,Sheldon Whitehouse,Richard Blumenthal,1
6609,Sheldon Whitehouse,John F. Reed,1
6611,Sheldon Whitehouse,Sherrod Brown,1
6612,Sheldon Whitehouse,Maria Cantwell,1
6613,Sheldon Whitehouse,Patty Murray,1
6618,Sheldon Whitehouse,Barbara Boxer,1
6623,Sheldon Whitehouse,Christopher A. Coons,1
6624,Sheldon Whitehouse,Tom Udall,1
6632,Sheldon Whitehouse,Amy Klobuchar,1
6636,Sheldon Whitehouse,Michael F. Bennet,1
6645,Sheldon Whitehouse,Al Franken,1
6647,Sheldon Whitehouse,Barbara Ann Mikulski,1
6653,Sheldon Whitehouse,Jeff Merkley,1
6704,Kay R. Hagan,Deborah Ann Stabenow,1
6737,Kay R. Hagan,Michael F. Bennet,1
6769,Amy Klobuchar,Jeanne Shaheen,1
6772,Amy Klobuchar,Jon Tester,1
6773,Amy Klobuchar,Thomas Richard Harkin,1
6778,Amy Klobuchar,Patrick Joseph Leahy,1
6786,Amy Klobuchar,Herbert H. Kohl,1
6805,Amy Klobuchar,Deborah Ann Stabenow,1
6809,Amy Klobuchar,Richard Blumenthal,1
6825,Amy Klobuchar,Christopher A. Coons,1
6832,Amy Klobuchar,Sheldon Whitehouse,1
6838,Amy Klobuchar,Michael F. Bennet,1
6840,Amy Klobuchar,Tim Johnson,1
6847,Amy Klobuchar,Al Franken,1
6849,Amy Klobuchar,Barbara Ann Mikulski,1
6861,Amy Klobuchar,Claire Mccaskill,1
6870,Daniel Kohikina Akaka,Jeanne Shaheen,1
6871,Daniel Kohikina Akaka,Ron Wyden,1
6879,Daniel Kohikina Akaka,Patrick Joseph Leahy,1
6882,Daniel Kohikina Akaka,Frank R. Lautenberg,1
6884,Daniel Kohikina Akaka,Bernard Sanders,1
6889,Daniel Kohikina Akaka,Richard J. Durbin,1
6896,Daniel Kohikina Akaka,Benjamin L. Cardin,1
6906,Daniel Kohikina Akaka,Deborah Ann Stabenow,1
6907,Daniel Kohikina Akaka,Kirsten E. Gillibrand,1
6910,Daniel Kohikina Akaka,Richard Blumenthal,1
6912,Daniel Kohikina Akaka,John F. Reed,1
6914,Daniel Kohikina Akaka,Sherrod Brown,1
6916,Daniel Kohikina Akaka,Patty Murray,1
6921,Daniel Kohikina Akaka,Barbara Boxer,1
6927,Daniel Kohikina Akaka,Tom Udall,1
6931,Daniel Kohikina Akaka,Daniel Ken Inouye,1
6938,Daniel Kohikina Akaka,Mark Begich,1
6939,Daniel Kohikina Akaka,Michael F. Bennet,1
6941,Daniel Kohikina Akaka,Tim Johnson,1
6948,Daniel Kohikina Akaka,Al Franken,1
6950,Daniel Kohikina Akaka,Barbara Ann Mikulski,1
6956,Daniel Kohikina Akaka,Jeff Merkley,1
6976,James W. Demint,John Boozman,1
6977,James W. Demint,Marco Rubio,1
6978,James W. Demint,Jim Inhofe,1
6987,James W. Demint,John Sidney Mccain,1
6989,James W. Demint,Tom Coburn,1
6991,James W. Demint,Michael B. Enzi,1
6992,James W. Demint,John Barrasso,1
6993,James W. Demint,John Cornyn,1
6995,James W. Demint,David Vitter,1
6998,James W. Demint,Kay Bailey Hutchison,1
6999,James W. Demint,Mike Johanns,1
7001,James W. Demint,Lindsey O. Graham,1
7005,James W. Demint,Jon Llewellyn Kyl,1
7006,James W. Demint,Rand Paul,1
7010,James W. Demint,John R. Thune,1
7014,James W. Demint,Michael D. Crapo,1
7018,James W. Demint,Jerry Moran,1
7019,James W. Demint,Mitch Mcconnell,1
7021,James W. Demint,Roger F. Wicker,1
7023,James W. Demint,Orrin Grant Hatch,1
7024,James W. Demint,Roy Blunt,1
7029,James W. Demint,Richard Burr,1
7031,James W. Demint,John Hoeven,1
7041,James W. Demint,Charles Ernest Grassley,1
7044,James W. Demint,Jeff Sessions,1
7045,James W. Demint,Daniel Ray Coats,1
7046,James W. Demint,Richard Craig Shelby,1
7047,James W. Demint,Bob Corker,1
7050,James W. Demint,Kelly Ayotte,1
7054,James W. Demint,Johnny Isakson,1
7055,James W. Demint,Pat Roberts,1
7056,James W. Demint,Pat Toomey,1
7059,James W. Demint,Saxby Chambliss,1
7064,James W. Demint,Mike Lee,1
7065,James W. Demint,Ron Johnson,1
7068,James W. Demint,Thad Cochran,1
7069,James W. Demint,James E. Risch,1
7072,Mark Begich,Jeanne Shaheen,1
7073,Mark Begich,Ron Wyden,1
7075,Mark Begich,Jon Tester,1
7086,Mark Begich,Bernard Sanders,1
7103,Mark Begich,Lisa Murkowski,1
7118,Mark Begich,Patty Murray,1
7123,Mark Begich,Barbara Boxer,1
7138,Mark Begich,Daniel Kohikina Akaka,1
7141,Mark Begich,Michael F. Bennet,1
7173,Michael F. Bennet,Jeanne Shaheen,1
7174,Michael F. Bennet,Ron Wyden,1
7176,Michael F. Bennet,Jon Tester,1
7185,Michael F. Bennet,Frank R. Lautenberg,1
7186,Michael F. Bennet,Jesse Francis Bingaman,1
7192,Michael F. Bennet,Richard J. Durbin,1
7196,Michael F. Bennet,Mark Udall,1
7199,Michael F. Bennet,Benjamin L. Cardin,1
7205,Michael F. Bennet,Mary Landrieu,1
7209,Michael F. Bennet,Deborah Ann Stabenow,1
7210,Michael F. Bennet,Kirsten E. Gillibrand,1
7213,Michael F. Bennet,Richard Blumenthal,1
7215,Michael F. Bennet,John F. Reed,1
7217,Michael F. Bennet,Sherrod Brown,1
7218,Michael F. Bennet,Maria Cantwell,1
7219,Michael F. Bennet,Patty Murray,1
7224,Michael F. Bennet,Barbara Boxer,1
7229,Michael F. Bennet,Christopher A. Coons,1
7230,Michael F. Bennet,Tom Udall,1
7236,Michael F. Bennet,Sheldon Whitehouse,1
7237,Michael F. Bennet,Kay R. Hagan,1
7238,Michael F. Bennet,Amy Klobuchar,1
7239,Michael F. Bennet,Daniel Kohikina Akaka,1
7241,Michael F. Bennet,Mark Begich,1
7245,Michael F. Bennet,E. Benjamin Nelson,1
7250,Michael F. Bennet,Mark R. Warner,1
7253,Michael F. Bennet,Barbara Ann Mikulski,1
7259,Michael F. Bennet,Jeff Merkley,1
7260,Michael F. Bennet,Clarence William Nelson,1
7279,Charles Ernest Grassley,John Boozman,1
7280,Charles Ernest Grassley,Marco Rubio,1
7281,Charles Ernest Grassley,Jim Inhofe,1
7290,Charles Ernest Grassley,John Sidney Mccain,1
7292,Charles Ernest Grassley,Tom Coburn,1
7294,Charles Ernest Grassley,Michael B. Enzi,1
7295,Charles Ernest Grassley,John Barrasso,1
7296,Charles Ernest Grassley,John Cornyn,1
7298,Charles Ernest Grassley,David Vitter,1
7301,Charles Ernest Grassley,Kay Bailey Hutchison,1
7302,Charles Ernest Grassley,Mike Johanns,1
7304,Charles Ernest Grassley,Lindsey O. Graham,1
7308,Charles Ernest Grassley,Jon Llewellyn Kyl,1
7309,Charles Ernest Grassley,Rand Paul,1
7313,Charles Ernest Grassley,John R. Thune,1
7315,Charles Ernest Grassley,Rob Portman,1
7317,Charles Ernest Grassley,Michael D. Crapo,1
7321,Charles Ernest Grassley,Jerry Moran,1
7322,Charles Ernest Grassley,Mitch Mcconnell,1
7323,Charles Ernest Grassley,Lamar Alexander,1
7324,Charles Ernest Grassley,Roger F. Wicker,1
7326,Charles Ernest Grassley,Orrin Grant Hatch,1
7327,Charles Ernest Grassley,Roy Blunt,1
7332,Charles Ernest Grassley,Richard Burr,1
7334,Charles Ernest Grassley,John Hoeven,1
7341,Charles Ernest Grassley,James W. Demint,1
7346,Charles Ernest Grassley,E. Benjamin Nelson,1
7347,Charles Ernest Grassley,Jeff Sessions,1
7348,Charles Ernest Grassley,Daniel Ray Coats,1
7349,Charles Ernest Grassley,Richard Craig Shelby,1
7350,Charles Ernest Grassley,Bob Corker,1
7353,Charles Ernest Grassley,Kelly Ayotte,1
7357,Charles Ernest Grassley,Johnny Isakson,1
7358,Charles Ernest Grassley,Pat Roberts,1
7359,Charles Ernest Grassley,Pat Toomey,1
7362,Charles Ernest Grassley,Saxby Chambliss,1
7365,Charles Ernest Grassley,Richard Green Lugar,1
7367,Charles Ernest Grassley,Mike Lee,1
7368,Charles Ernest Grassley,Ron Johnson,1
7369,Charles Ernest Grassley,Dean Heller,1
7371,Charles Ernest Grassley,Thad Cochran,1
7372,Charles Ernest Grassley,James E. Risch,1
7375,Tim Johnson,Jeanne Shaheen,1
7378,Tim Johnson,Jon Tester,1
7379,Tim Johnson,Thomas Richard Harkin,1
7385,Tim Johnson,Max Sieben Baucus,1
7389,Tim Johnson,Bernard Sanders,1
7392,Tim Johnson,Herbert H. Kohl,1
7411,Tim Johnson,Deborah Ann Stabenow,1
7417,Tim Johnson,John F. Reed,1
7419,Tim Johnson,Sherrod Brown,1
7432,Tim Johnson,Tom Udall,1
7437,Tim Johnson,Kent Conrad,1
7440,Tim Johnson,Amy Klobuchar,1
7441,Tim Johnson,Daniel Kohikina Akaka,1
7453,Tim Johnson,Al Franken,1
7455,Tim Johnson,Barbara Ann Mikulski,1
7481,E. Benjamin Nelson,John Boozman,1
7486,E. Benjamin Nelson,Max Sieben Baucus,1
7504,E. Benjamin Nelson,Mike Johanns,1
7508,E. Benjamin Nelson,Mary Landrieu,1
7523,E. Benjamin Nelson,Jerry Moran,1
7529,E. Benjamin Nelson,Roy Blunt,1
7536,E. Benjamin Nelson,John Hoeven,1
7538,E. Benjamin Nelson,Kent Conrad,1
7545,E. Benjamin Nelson,Michael F. Bennet,1
7546,E. Benjamin Nelson,Charles Ernest Grassley,1
7568,E. Benjamin Nelson,Claire Mccaskill,1
7572,E. Benjamin Nelson,Joe Manchin,1
7582,Jeff Sessions,John Boozman,1
7583,Jeff Sessions,Marco Rubio,1
7584,Jeff Sessions,Jim Inhofe,1
7593,Jeff Sessions,John Sidney Mccain,1
7595,Jeff Sessions,Tom Coburn,1
7597,Jeff Sessions,Michael B. Enzi,1
7598,Jeff Sessions,John Barrasso,1
7599,Jeff Sessions,John Cornyn,1
7601,Jeff Sessions,David Vitter,1
7604,Jeff Sessions,Kay Bailey Hutchison,1
7605,Jeff Sessions,Mike Johanns,1
7607,Jeff Sessions,Lindsey O. Graham,1
7611,Jeff Sessions,Jon Llewellyn Kyl,1
7612,Jeff Sessions,Rand Paul,1
7616,Jeff Sessions,John R. Thune,1
7618,Jeff Sessions,Rob Portman,1
7620,Jeff Sessions,Michael D. Crapo,1
7624,Jeff Sessions,Jerry Moran,1
7625,Jeff Sessions,Mitch Mcconnell,1
7626,Jeff Sessions,Lamar Alexander,1
7627,Jeff Sessions,Roger F. Wicker,1
7629,Jeff Sessions,Orrin Grant Hatch,1
7630,Jeff Sessions,Roy Blunt,1
7635,Jeff Sessions,Richard Burr,1
7637,Jeff Sessions,John Hoeven,1
7644,Jeff Sessions,James W. Demint,1
7647,Jeff Sessions,Charles Ernest Grassley,1
7651,Jeff Sessions,Daniel Ray Coats,1
7652,Jeff Sessions,Richard Craig Shelby,1
7653,Jeff Sessions,Bob Corker,1
7656,Jeff Sessions,Kelly Ayotte,1
7659,Jeff Sessions,Mark Steven Kirk,1
7660,Jeff Sessions,Johnny Isakson,1
7661,Jeff Sessions,Pat Roberts,1
7662,Jeff Sessions,Pat Toomey,1
7665,Jeff Sessions,Saxby Chambliss,1
7668,Jeff Sessions,Richard Green Lugar,1
7670,Jeff Sessions,Mike Lee,1
7671,Jeff Sessions,Ron Johnson,1
7672,Jeff Sessions,Dean Heller,1
7674,Jeff Sessions,Thad Cochran,1
7675,Jeff Sessions,James E. Risch,1
7683,Daniel Ray Coats,John Boozman,1
7684,Daniel Ray Coats,Marco Rubio,1
7685,Daniel Ray Coats,Jim Inhofe,1
7694,Daniel Ray Coats,John Sidney Mccain,1
7696,Daniel Ray Coats,Tom Coburn,1
7698,Daniel Ray Coats,Michael B. Enzi,1
7699,Daniel Ray Coats,John Barrasso,1
7700,Daniel Ray Coats,John Cornyn,1
7702,Daniel Ray Coats,David Vitter,1
7705,Daniel Ray Coats,Kay Bailey Hutchison,1
7706,Daniel Ray Coats,Mike Johanns,1
7708,Daniel Ray Coats,Lindsey O. Graham,1
7709,Daniel Ray Coats,Lisa Murkowski,1
7712,Daniel Ray Coats,Jon Llewellyn Kyl,1
7713,Daniel Ray Coats,Rand Paul,1
7717,Daniel Ray Coats,John R. Thune,1
7719,Daniel Ray Coats,Rob Portman,1
7721,Daniel Ray Coats,Michael D. Crapo,1
7725,Daniel Ray Coats,Jerry Moran,1
7726,Daniel Ray Coats,Mitch Mcconnell,1
7727,Daniel Ray Coats,Lamar Alexander,1
7728,Daniel Ray Coats,Roger F. Wicker,1
7730,Daniel Ray Coats,Orrin Grant Hatch,1
7731,Daniel Ray Coats,Roy Blunt,1
7736,Daniel Ray Coats,Richard Burr,1
7738,Daniel Ray Coats,John Hoeven,1
7745,Daniel Ray Coats,James W. Demint,1
7748,Daniel Ray Coats,Charles Ernest Grassley,1
7751,Daniel Ray Coats,Jeff Sessions,1
7753,Daniel Ray Coats,Richard Craig Shelby,1
7754,Daniel Ray Coats,Bob Corker,1
7757,Daniel Ray Coats,Kelly Ayotte,1
7760,Daniel Ray Coats,Mark Steven Kirk,1
7761,Daniel Ray Coats,Johnny Isakson,1
7762,Daniel Ray Coats,Pat Roberts,1
7763,Daniel Ray Coats,Pat Toomey,1
7766,Daniel Ray Coats,Saxby Chambliss,1
7769,Daniel Ray Coats,Richard Green Lugar,1
7771,Daniel Ray Coats,Mike Lee,1
7772,Daniel Ray Coats,Ron Johnson,1
7773,Daniel Ray Coats,Dean Heller,1
7774,Daniel Ray Coats,Joe Manchin,1
7775,Daniel Ray Coats,Thad Cochran,1
7776,Daniel Ray Coats,James E. Risch,1
7784,Richard Craig Shelby,John Boozman,1
7785,Richard Craig Shelby,Marco Rubio,1
7786,Richard Craig Shelby,Jim Inhofe,1
7795,Richard Craig Shelby,John Sidney Mccain,1
7797,Richard Craig Shelby,Tom Coburn,1
7799,Richard Craig Shelby,Michael B. Enzi,1
7800,Richard Craig Shelby,John Barrasso,1
7801,Richard Craig Shelby,John Cornyn,1
7803,Richard Craig Shelby,David Vitter,1
7806,Richard Craig Shelby,Kay Bailey Hutchison,1
7807,Richard Craig Shelby,Mike Johanns,1
7809,Richard Craig Shelby,Lindsey O. Graham,1
7813,Richard Craig Shelby,Jon Llewellyn Kyl,1
7814,Richard Craig Shelby,Rand Paul,1
7818,Richard Craig Shelby,John R. Thune,1
7820,Richard Craig Shelby,Rob Portman,1
7822,Richard Craig Shelby,Michael D. Crapo,1
7826,Richard Craig Shelby,Jerry Moran,1
7827,Richard Craig Shelby,Mitch Mcconnell,1
7828,Richard Craig Shelby,Lamar Alexander,1
7829,Richard Craig Shelby,Roger F. Wicker,1
7831,Richard Craig Shelby,Orrin Grant Hatch,1
7832,Richard Craig Shelby,Roy Blunt,1
7837,Richard Craig Shelby,Richard Burr,1
7839,Richard Craig Shelby,John Hoeven,1
7846,Richard Craig Shelby,James W. Demint,1
7849,Richard Craig Shelby,Charles Ernest Grassley,1
7852,Richard Craig Shelby,Jeff Sessions,1
7853,Richard Craig Shelby,Daniel Ray Coats,1
7855,Richard Craig Shelby,Bob Corker,1
7858,Richard Craig Shelby,Kelly Ayotte,1
7861,Richard Craig Shelby,Mark Steven Kirk,1
7862,Richard Craig Shelby,Johnny Isakson,1
7863,Richard Craig Shelby,Pat Roberts,1
7864,Richard Craig Shelby,Pat Toomey,1
7867,Richard Craig Shelby,Saxby Chambliss,1
7870,Richard Craig Shelby,Richard Green Lugar,1
7872,Richard Craig Shelby,Mike Lee,1
7873,Richard Craig Shelby,Ron Johnson,1
7876,Richard Craig Shelby,Thad Cochran,1
7877,Richard Craig Shelby,James E. Risch,1
7885,Bob Corker,John Boozman,1
7886,Bob Corker,Marco Rubio,1
7887,Bob Corker,Jim Inhofe,1
7896,Bob Corker,John Sidney Mccain,1
7898,Bob Corker,Tom Coburn,1
7900,Bob Corker,Michael B. Enzi,1
7901,Bob Corker,John Barrasso,1
7902,Bob Corker,John Cornyn,1
7904,Bob Corker,David Vitter,1
7907,Bob Corker,Kay Bailey Hutchison,1
7908,Bob Corker,Mike Johanns,1
7910,Bob Corker,Lindsey O. Graham,1
7914,Bob Corker,Jon Llewellyn Kyl,1
7915,Bob Corker,Rand Paul,1
7919,Bob Corker,John R. Thune,1
7921,Bob Corker,Rob Portman,1
7923,Bob Corker,Michael D. Crapo,1
7927,Bob Corker,Jerry Moran,1
7928,Bob Corker,Mitch Mcconnell,1
7929,Bob Corker,Lamar Alexander,1
7930,Bob Corker,Roger F. Wicker,1
7932,Bob Corker,Orrin Grant Hatch,1
7933,Bob Corker,Roy Blunt,1
7938,Bob Corker,Richard Burr,1
7940,Bob Corker,John Hoeven,1
7947,Bob Corker,James W. Demint,1
7950,Bob Corker,Charles Ernest Grassley,1
7953,Bob Corker,Jeff Sessions,1
7954,Bob Corker,Daniel Ray Coats,1
7955,Bob Corker,Richard Craig Shelby,1
7959,Bob Corker,Kelly Ayotte,1
7962,Bob Corker,Mark Steven Kirk,1
7963,Bob Corker,Johnny Isakson,1
7964,Bob Corker,Pat Roberts,1
7965,Bob Corker,Pat Toomey,1
7968,Bob Corker,Saxby Chambliss,1
7971,Bob Corker,Richard Green Lugar,1
7973,Bob Corker,Mike Lee,1
7974,Bob Corker,Ron Johnson,1
7976,Bob Corker,Joe Manchin,1
7977,Bob Corker,Thad Cochran,1
7978,Bob Corker,James E. Risch,1
7981,Mark R. Warner,Jeanne Shaheen,1
7989,Mark R. Warner,Thomas R. Carper,1
8004,Mark R. Warner,Mark Udall,1
8007,Mark R. Warner,Benjamin L. Cardin,1
8013,Mark R. Warner,Mary Landrieu,1
8037,Mark R. Warner,Christopher A. Coons,1
8050,Mark R. Warner,Michael F. Bennet,1
8061,Mark R. Warner,Barbara Ann Mikulski,1
8068,Mark R. Warner,Clarence William Nelson,1
8070,Mark R. Warner,"James H. ""Jim"" Webb",1
8073,Mark R. Warner,Claire Mccaskill,1
8077,Mark R. Warner,Joe Manchin,1
8082,Al Franken,Jeanne Shaheen,1
8083,Al Franken,Ron Wyden,1
8084,Al Franken,Charles E. Schumer,1
8086,Al Franken,Thomas Richard Harkin,1
8091,Al Franken,Patrick Joseph Leahy,1
8094,Al Franken,Frank R. Lautenberg,1
8096,Al Franken,Bernard Sanders,1
8101,Al Franken,Richard J. Durbin,1
8108,Al Franken,Benjamin L. Cardin,1
8118,Al Franken,Deborah Ann Stabenow,1
8119,Al Franken,Kirsten E. Gillibrand,1
8122,Al Franken,Richard Blumenthal,1
8124,Al Franken,John F. Reed,1
8126,Al Franken,Sherrod Brown,1
8128,Al Franken,Patty Murray,1
8133,Al Franken,Barbara Boxer,1
8138,Al Franken,Christopher A. Coons,1
8139,Al Franken,Tom Udall,1
8145,Al Franken,Sheldon Whitehouse,1
8147,Al Franken,Amy Klobuchar,1
8148,Al Franken,Daniel Kohikina Akaka,1
8153,Al Franken,Tim Johnson,1
8162,Al Franken,Barbara Ann Mikulski,1
8168,Al Franken,Jeff Merkley,1
8188,Kelly Ayotte,John Boozman,1
8189,Kelly Ayotte,Marco Rubio,1
8190,Kelly Ayotte,Jim Inhofe,1
8199,Kelly Ayotte,John Sidney Mccain,1
8201,Kelly Ayotte,Tom Coburn,1
8203,Kelly Ayotte,Michael B. Enzi,1
8204,Kelly Ayotte,John Barrasso,1
8205,Kelly Ayotte,John Cornyn,1
8207,Kelly Ayotte,David Vitter,1
8208,Kelly Ayotte,Olympia J. Snowe,1
8210,Kelly Ayotte,Kay Bailey Hutchison,1
8211,Kelly Ayotte,Mike Johanns,1
8213,Kelly Ayotte,Lindsey O. Graham,1
8214,Kelly Ayotte,Lisa Murkowski,1
8217,Kelly Ayotte,Jon Llewellyn Kyl,1
8218,Kelly Ayotte,Rand Paul,1
8222,Kelly Ayotte,John R. Thune,1
8224,Kelly Ayotte,Rob Portman,1
8226,Kelly Ayotte,Michael D. Crapo,1
8230,Kelly Ayotte,Jerry Moran,1
8231,Kelly Ayotte,Mitch Mcconnell,1
8232,Kelly Ayotte,Lamar Alexander,1
8233,Kelly Ayotte,Roger F. Wicker,1
8235,Kelly Ayotte,Orrin Grant Hatch,1
8236,Kelly Ayotte,Roy Blunt,1
8237,Kelly Ayotte,Susan Margaret Collins,1
8241,Kelly Ayotte,Richard Burr,1
8243,Kelly Ayotte,John Hoeven,1
8250,Kelly Ayotte,James W. Demint,1
8253,Kelly Ayotte,Charles Ernest Grassley,1
8256,Kelly Ayotte,Jeff Sessions,1
8257,Kelly Ayotte,Daniel Ray Coats,1
8258,Kelly Ayotte,Richard Craig Shelby,1
8259,Kelly Ayotte,Bob Corker,1
8265,Kelly Ayotte,Mark Steven Kirk,1
8266,Kelly Ayotte,Johnny Isakson,1
8267,Kelly Ayotte,Pat Roberts,1
8268,Kelly Ayotte,Pat Toomey,1
8271,Kelly Ayotte,Saxby Chambliss,1
8273,Kelly Ayotte,Scott P. Brown,1
8274,Kelly Ayotte,Richard Green Lugar,1
8276,Kelly Ayotte,Mike Lee,1
8277,Kelly Ayotte,Ron Johnson,1
8278,Kelly Ayotte,Dean Heller,1
8280,Kelly Ayotte,Thad Cochran,1
8281,Kelly Ayotte,James E. Risch,1
8284,Barbara Ann Mikulski,Jeanne Shaheen,1
8288,Barbara Ann Mikulski,Thomas Richard Harkin,1
8293,Barbara Ann Mikulski,Patrick Joseph Leahy,1
8295,Barbara Ann Mikulski,Dianne Feinstein,1
8296,Barbara Ann Mikulski,Frank R. Lautenberg,1
8298,Barbara Ann Mikulski,Bernard Sanders,1
8301,Barbara Ann Mikulski,Herbert H. Kohl,1
8303,Barbara Ann Mikulski,Richard J. Durbin,1
8307,Barbara Ann Mikulski,Mark Udall,1
8310,Barbara Ann Mikulski,Benjamin L. Cardin,1
8317,Barbara Ann Mikulski,Robert Menendez,1
8320,Barbara Ann Mikulski,Deborah Ann Stabenow,1
8321,Barbara Ann Mikulski,Kirsten E. Gillibrand,1
8324,Barbara Ann Mikulski,Richard Blumenthal,1
8326,Barbara Ann Mikulski,John F. Reed,1
8328,Barbara Ann Mikulski,Sherrod Brown,1
8329,Barbara Ann Mikulski,Maria Cantwell,1
8330,Barbara Ann Mikulski,Patty Murray,1
8335,Barbara Ann Mikulski,Barbara Boxer,1
8340,Barbara Ann Mikulski,Christopher A. Coons,1
8347,Barbara Ann Mikulski,Sheldon Whitehouse,1
8349,Barbara Ann Mikulski,Amy Klobuchar,1
8350,Barbara Ann Mikulski,Daniel Kohikina Akaka,1
8353,Barbara Ann Mikulski,Michael F. Bennet,1
8355,Barbara Ann Mikulski,Tim Johnson,1
8361,Barbara Ann Mikulski,Mark R. Warner,1
8362,Barbara Ann Mikulski,Al Franken,1
8370,Barbara Ann Mikulski,Jeff Merkley,1
8371,Barbara Ann Mikulski,Clarence William Nelson,1
8404,Carl Milton Levin,Richard J. Durbin,1
8411,Carl Milton Levin,Benjamin L. Cardin,1
8421,Carl Milton Levin,Deborah Ann Stabenow,1
8427,Carl Milton Levin,John F. Reed,1
8491,Mark Steven Kirk,John Boozman,1
8492,Mark Steven Kirk,Marco Rubio,1
8493,Mark Steven Kirk,Jim Inhofe,1
8502,Mark Steven Kirk,John Sidney Mccain,1
8504,Mark Steven Kirk,Tom Coburn,1
8507,Mark Steven Kirk,John Barrasso,1
8508,Mark Steven Kirk,John Cornyn,1
8513,Mark Steven Kirk,Kay Bailey Hutchison,1
8514,Mark Steven Kirk,Mike Johanns,1
8516,Mark Steven Kirk,Lindsey O. Graham,1
8520,Mark Steven Kirk,Jon Llewellyn Kyl,1
8525,Mark Steven Kirk,John R. Thune,1
8527,Mark Steven Kirk,Rob Portman,1
8529,Mark Steven Kirk,Michael D. Crapo,1
8533,Mark Steven Kirk,Jerry Moran,1
8535,Mark Steven Kirk,Lamar Alexander,1
8536,Mark Steven Kirk,Roger F. Wicker,1
8539,Mark Steven Kirk,Roy Blunt,1
8540,Mark Steven Kirk,Susan Margaret Collins,1
8544,Mark Steven Kirk,Richard Burr,1
8546,Mark Steven Kirk,John Hoeven,1
8559,Mark Steven Kirk,Jeff Sessions,1
8560,Mark Steven Kirk,Daniel Ray Coats,1
8561,Mark Steven Kirk,Richard Craig Shelby,1
8562,Mark Steven Kirk,Bob Corker,1
8565,Mark Steven Kirk,Kelly Ayotte,1
8569,Mark Steven Kirk,Johnny Isakson,1
8570,Mark Steven Kirk,Pat Roberts,1
8571,Mark Steven Kirk,Pat Toomey,1
8574,Mark Steven Kirk,Saxby Chambliss,1
8576,Mark Steven Kirk,Scott P. Brown,1
8577,Mark Steven Kirk,Richard Green Lugar,1
8581,Mark Steven Kirk,Dean Heller,1
8584,Mark Steven Kirk,James E. Risch,1
8592,Johnny Isakson,John Boozman,1
8593,Johnny Isakson,Marco Rubio,1
8594,Johnny Isakson,Jim Inhofe,1
8603,Johnny Isakson,John Sidney Mccain,1
8605,Johnny Isakson,Tom Coburn,1
8607,Johnny Isakson,Michael B. Enzi,1
8608,Johnny Isakson,John Barrasso,1
8609,Johnny Isakson,John Cornyn,1
8611,Johnny Isakson,David Vitter,1
8614,Johnny Isakson,Kay Bailey Hutchison,1
8615,Johnny Isakson,Mike Johanns,1
8617,Johnny Isakson,Lindsey O. Graham,1
8621,Johnny Isakson,Jon Llewellyn Kyl,1
8622,Johnny Isakson,Rand Paul,1
8626,Johnny Isakson,John R. Thune,1
8628,Johnny Isakson,Rob Portman,1
8630,Johnny Isakson,Michael D. Crapo,1
8634,Johnny Isakson,Jerry Moran,1
8635,Johnny Isakson,Mitch Mcconnell,1
8636,Johnny Isakson,Lamar Alexander,1
8637,Johnny Isakson,Roger F. Wicker,1
8639,Johnny Isakson,Orrin Grant Hatch,1
8640,Johnny Isakson,Roy Blunt,1
8645,Johnny Isakson,Richard Burr,1
8647,Johnny Isakson,John Hoeven,1
8654,Johnny Isakson,James W. Demint,1
8657,Johnny Isakson,Charles Ernest Grassley,1
8660,Johnny Isakson,Jeff Sessions,1
8661,Johnny Isakson,Daniel Ray Coats,1
8662,Johnny Isakson,Richard Craig Shelby,1
8663,Johnny Isakson,Bob Corker,1
8666,Johnny Isakson,Kelly Ayotte,1
8669,Johnny Isakson,Mark Steven Kirk,1
8671,Johnny Isakson,Pat Roberts,1
8672,Johnny Isakson,Pat Toomey,1
8675,Johnny Isakson,Saxby Chambliss,1
8677,Johnny Isakson,Scott P. Brown,1
8678,Johnny Isakson,Richard Green Lugar,1
8680,Johnny Isakson,Mike Lee,1
8681,Johnny Isakson,Ron Johnson,1
8682,Johnny Isakson,Dean Heller,1
8684,Johnny Isakson,Thad Cochran,1
8685,Johnny Isakson,James E. Risch,1
8693,Pat Roberts,John Boozman,1
8694,Pat Roberts,Marco Rubio,1
8695,Pat Roberts,Jim Inhofe,1
8704,Pat Roberts,John Sidney Mccain,1
8706,Pat Roberts,Tom Coburn,1
8708,Pat Roberts,Michael B. Enzi,1
8709,Pat Roberts,John Barrasso,1
8710,Pat Roberts,John Cornyn,1
8712,Pat Roberts,David Vitter,1
8715,Pat Roberts,Kay Bailey Hutchison,1
8716,Pat Roberts,Mike Johanns,1
8718,Pat Roberts,Lindsey O. Graham,1
8722,Pat Roberts,Jon Llewellyn Kyl,1
8723,Pat Roberts,Rand Paul,1
8727,Pat Roberts,John R. Thune,1
8729,Pat Roberts,Rob Portman,1
8731,Pat Roberts,Michael D. Crapo,1
8735,Pat Roberts,Jerry Moran,1
8736,Pat Roberts,Mitch Mcconnell,1
8737,Pat Roberts,Lamar Alexander,1
8738,Pat Roberts,Roger F. Wicker,1
8740,Pat Roberts,Orrin Grant Hatch,1
8741,Pat Roberts,Roy Blunt,1
8746,Pat Roberts,Richard Burr,1
8748,Pat Roberts,John Hoeven,1
8755,Pat Roberts,James W. Demint,1
8758,Pat Roberts,Charles Ernest Grassley,1
8761,Pat Roberts,Jeff Sessions,1
8762,Pat Roberts,Daniel Ray Coats,1
8763,Pat Roberts,Richard Craig Shelby,1
8764,Pat Roberts,Bob Corker,1
8767,Pat Roberts,Kelly Ayotte,1
8770,Pat Roberts,Mark Steven Kirk,1
8771,Pat Roberts,Johnny Isakson,1
8773,Pat Roberts,Pat Toomey,1
8776,Pat Roberts,Saxby Chambliss,1
8779,Pat Roberts,Richard Green Lugar,1
8781,Pat Roberts,Mike Lee,1
8782,Pat Roberts,Ron Johnson,1
8783,Pat Roberts,Dean Heller,1
8785,Pat Roberts,Thad Cochran,1
8786,Pat Roberts,James E. Risch,1
8794,Pat Toomey,John Boozman,1
8795,Pat Toomey,Marco Rubio,1
8796,Pat Toomey,Jim Inhofe,1
8805,Pat Toomey,John Sidney Mccain,1
8807,Pat Toomey,Tom Coburn,1
8809,Pat Toomey,Michael B. Enzi,1
8810,Pat Toomey,John Barrasso,1
8811,Pat Toomey,John Cornyn,1
8813,Pat Toomey,David Vitter,1
8816,Pat Toomey,Kay Bailey Hutchison,1
8817,Pat Toomey,Mike Johanns,1
8819,Pat Toomey,Lindsey O. Graham,1
8823,Pat Toomey,Jon Llewellyn Kyl,1
8824,Pat Toomey,Rand Paul,1
8828,Pat Toomey,John R. Thune,1
8830,Pat Toomey,Rob Portman,1
8832,Pat Toomey,Michael D. Crapo,1
8836,Pat Toomey,Jerry Moran,1
8837,Pat Toomey,Mitch Mcconnell,1
8838,Pat Toomey,Lamar Alexander,1
8839,Pat Toomey,Roger F. Wicker,1
8841,Pat Toomey,Orrin Grant Hatch,1
8842,Pat Toomey,Roy Blunt,1
8847,Pat Toomey,Richard Burr,1
8849,Pat Toomey,John Hoeven,1
8856,Pat Toomey,James W. Demint,1
8859,Pat Toomey,Charles Ernest Grassley,1
8862,Pat Toomey,Jeff Sessions,1
8863,Pat Toomey,Daniel Ray Coats,1
8864,Pat Toomey,Richard Craig Shelby,1
8865,Pat Toomey,Bob Corker,1
8868,Pat Toomey,Kelly Ayotte,1
8871,Pat Toomey,Mark Steven Kirk,1
8872,Pat Toomey,Johnny Isakson,1
8873,Pat Toomey,Pat Roberts,1
8877,Pat Toomey,Saxby Chambliss,1
8880,Pat Toomey,Richard Green Lugar,1
8882,Pat Toomey,Mike Lee,1
8883,Pat Toomey,Ron Johnson,1
8884,Pat Toomey,Dean Heller,1
8886,Pat Toomey,Thad Cochran,1
8887,Pat Toomey,James E. Risch,1
8890,Jeff Merkley,Jeanne Shaheen,1
8891,Jeff Merkley,Ron Wyden,1
8894,Jeff Merkley,Thomas Richard Harkin,1
8899,Jeff Merkley,Patrick Joseph Leahy,1
8902,Jeff Merkley,Frank R. Lautenberg,1
8904,Jeff Merkley,Bernard Sanders,1
8909,Jeff Merkley,Richard J. Durbin,1
8913,Jeff Merkley,Mark Udall,1
8916,Jeff Merkley,Benjamin L. Cardin,1
8923,Jeff Merkley,Robert Menendez,1
8926,Jeff Merkley,Deborah Ann Stabenow,1
8927,Jeff Merkley,Kirsten E. Gillibrand,1
8930,Jeff Merkley,Richard Blumenthal,1
8932,Jeff Merkley,John F. Reed,1
8934,Jeff Merkley,Sherrod Brown,1
8935,Jeff Merkley,Maria Cantwell,1
8936,Jeff Merkley,Patty Murray,1
8941,Jeff Merkley,Barbara Boxer,1
8946,Jeff Merkley,Christopher A. Coons,1
8947,Jeff Merkley,Tom Udall,1
8953,Jeff Merkley,Sheldon Whitehouse,1
8956,Jeff Merkley,Daniel Kohikina Akaka,1
8959,Jeff Merkley,Michael F. Bennet,1
8968,Jeff Merkley,Al Franken,1
8970,Jeff Merkley,Barbara Ann Mikulski,1
8991,Clarence William Nelson,Jeanne Shaheen,1
8997,Clarence William Nelson,Marco Rubio,1
9003,Clarence William Nelson,Frank R. Lautenberg,1
9008,Clarence William Nelson,Herbert H. Kohl,1
9010,Clarence William Nelson,Richard J. Durbin,1
9014,Clarence William Nelson,Mark Udall,1
9017,Clarence William Nelson,Benjamin L. Cardin,1
9020,Clarence William Nelson,Joseph I. Lieberman,1
9024,Clarence William Nelson,Robert Menendez,1
9027,Clarence William Nelson,Deborah Ann Stabenow,1
9028,Clarence William Nelson,Kirsten E. Gillibrand,1
9029,Clarence William Nelson,Mark Lunsford Pryor,1
9042,Clarence William Nelson,Barbara Boxer,1
9060,Clarence William Nelson,Michael F. Bennet,1
9068,Clarence William Nelson,Mark R. Warner,1
9071,Clarence William Nelson,Barbara Ann Mikulski,1
9083,Clarence William Nelson,Claire Mccaskill,1
9087,Clarence William Nelson,Joe Manchin,1
9097,Saxby Chambliss,John Boozman,1
9098,Saxby Chambliss,Marco Rubio,1
9099,Saxby Chambliss,Jim Inhofe,1
9108,Saxby Chambliss,John Sidney Mccain,1
9110,Saxby Chambliss,Tom Coburn,1
9112,Saxby Chambliss,Michael B. Enzi,1
9113,Saxby Chambliss,John Barrasso,1
9114,Saxby Chambliss,John Cornyn,1
9116,Saxby Chambliss,David Vitter,1
9119,Saxby Chambliss,Kay Bailey Hutchison,1
9120,Saxby Chambliss,Mike Johanns,1
9122,Saxby Chambliss,Lindsey O. Graham,1
9123,Saxby Chambliss,Lisa Murkowski,1
9126,Saxby Chambliss,Jon Llewellyn Kyl,1
9127,Saxby Chambliss,Rand Paul,1
9131,Saxby Chambliss,John R. Thune,1
9133,Saxby Chambliss,Rob Portman,1
9135,Saxby Chambliss,Michael D. Crapo,1
9139,Saxby Chambliss,Jerry Moran,1
9140,Saxby Chambliss,Mitch Mcconnell,1
9141,Saxby Chambliss,Lamar Alexander,1
9142,Saxby Chambliss,Roger F. Wicker,1
9144,Saxby Chambliss,Orrin Grant Hatch,1
9145,Saxby Chambliss,Roy Blunt,1
9150,Saxby Chambliss,Richard Burr,1
9152,Saxby Chambliss,John Hoeven,1
9159,Saxby Chambliss,James W. Demint,1
9162,Saxby Chambliss,Charles Ernest Grassley,1
9165,Saxby Chambliss,Jeff Sessions,1
9166,Saxby Chambliss,Daniel Ray Coats,1
9167,Saxby Chambliss,Richard Craig Shelby,1
9168,Saxby Chambliss,Bob Corker,1
9171,Saxby Chambliss,Kelly Ayotte,1
9174,Saxby Chambliss,Mark Steven Kirk,1
9175,Saxby Chambliss,Johnny Isakson,1
9176,Saxby Chambliss,Pat Roberts,1
9177,Saxby Chambliss,Pat Toomey,1
9182,Saxby Chambliss,Scott P. Brown,1
9183,Saxby Chambliss,Richard Green Lugar,1
9185,Saxby Chambliss,Mike Lee,1
9186,Saxby Chambliss,Ron Johnson,1
9187,Saxby Chambliss,Dean Heller,1
9189,Saxby Chambliss,Thad Cochran,1
9190,Saxby Chambliss,James E. Risch,1
9270,"James H. ""Jim"" Webb",Mark R. Warner,1
9309,Scott P. Brown,John Forbes Kerry,1
9319,Scott P. Brown,Olympia J. Snowe,1
9323,Scott P. Brown,Joseph I. Lieberman,1
9348,Scott P. Brown,Susan Margaret Collins,1
9352,Scott P. Brown,Richard Burr,1
9373,Scott P. Brown,Kelly Ayotte,1
9376,Scott P. Brown,Mark Steven Kirk,1
9377,Scott P. Brown,Johnny Isakson,1
9382,Scott P. Brown,Saxby Chambliss,1
9400,Richard Green Lugar,John Boozman,1
9401,Richard Green Lugar,Marco Rubio,1
9402,Richard Green Lugar,Jim Inhofe,1
9411,Richard Green Lugar,John Sidney Mccain,1
9413,Richard Green Lugar,Tom Coburn,1
9415,Richard Green Lugar,Michael B. Enzi,1
9416,Richard Green Lugar,John Barrasso,1
9417,Richard Green Lugar,John Cornyn,1
9422,Richard Green Lugar,Kay Bailey Hutchison,1
9423,Richard Green Lugar,Mike Johanns,1
9425,Richard Green Lugar,Lindsey O. Graham,1
9429,Richard Green Lugar,Jon Llewellyn Kyl,1
9434,Richard Green Lugar,John R. Thune,1
9436,Richard Green Lugar,Rob Portman,1
9438,Richard Green Lugar,Michael D. Crapo,1
9442,Richard Green Lugar,Jerry Moran,1
9443,Richard Green Lugar,Mitch Mcconnell,1
9444,Richard Green Lugar,Lamar Alexander,1
9445,Richard Green Lugar,Roger F. Wicker,1
9447,Richard Green Lugar,Orrin Grant Hatch,1
9448,Richard Green Lugar,Roy Blunt,1
9453,Richard Green Lugar,Richard Burr,1
9455,Richard Green Lugar,John Hoeven,1
9465,Richard Green Lugar,Charles Ernest Grassley,1
9468,Richard Green Lugar,Jeff Sessions,1
9469,Richard Green Lugar,Daniel Ray Coats,1
9470,Richard Green Lugar,Richard Craig Shelby,1
9471,Richard Green Lugar,Bob Corker,1
9474,Richard Green Lugar,Kelly Ayotte,1
9477,Richard Green Lugar,Mark Steven Kirk,1
9478,Richard Green Lugar,Johnny Isakson,1
9479,Richard Green Lugar,Pat Roberts,1
9480,Richard Green Lugar,Pat Toomey,1
9483,Richard Green Lugar,Saxby Chambliss,1
9489,Richard Green Lugar,Ron Johnson,1
9490,Richard Green Lugar,Dean Heller,1
9492,Richard Green Lugar,Thad Cochran,1
9493,Richard Green Lugar,James E. Risch,1
9496,Claire Mccaskill,Jeanne Shaheen,1
9499,Claire Mccaskill,Jon Tester,1
9519,Claire Mccaskill,Mark Udall,1
9534,Claire Mccaskill,Mark Lunsford Pryor,1
9549,Claire Mccaskill,Roy Blunt,1
9561,Claire Mccaskill,Amy Klobuchar,1
9568,Claire Mccaskill,E. Benjamin Nelson,1
9573,Claire Mccaskill,Mark R. Warner,1
9583,Claire Mccaskill,Clarence William Nelson,1
9592,Claire Mccaskill,Joe Manchin,1
9602,Mike Lee,John Boozman,1
9603,Mike Lee,Marco Rubio,1
9604,Mike Lee,Jim Inhofe,1
9613,Mike Lee,John Sidney Mccain,1
9615,Mike Lee,Tom Coburn,1
9617,Mike Lee,Michael B. Enzi,1
9618,Mike Lee,John Barrasso,1
9619,Mike Lee,John Cornyn,1
9621,Mike Lee,David Vitter,1
9624,Mike Lee,Kay Bailey Hutchison,1
9625,Mike Lee,Mike Johanns,1
9627,Mike Lee,Lindsey O. Graham,1
9631,Mike Lee,Jon Llewellyn Kyl,1
9632,Mike Lee,Rand Paul,1
9636,Mike Lee,John R. Thune,1
9638,Mike Lee,Rob Portman,1
9640,Mike Lee,Michael D. Crapo,1
9644,Mike Lee,Jerry Moran,1
9645,Mike Lee,Mitch Mcconnell,1
9646,Mike Lee,Lamar Alexander,1
9647,Mike Lee,Roger F. Wicker,1
9649,Mike Lee,Orrin Grant Hatch,1
9650,Mike Lee,Roy Blunt,1
9655,Mike Lee,Richard Burr,1
9657,Mike Lee,John Hoeven,1
9664,Mike Lee,James W. Demint,1
9667,Mike Lee,Charles Ernest Grassley,1
9670,Mike Lee,Jeff Sessions,1
9671,Mike Lee,Daniel Ray Coats,1
9672,Mike Lee,Richard Craig Shelby,1
9673,Mike Lee,Bob Corker,1
9676,Mike Lee,Kelly Ayotte,1
9680,Mike Lee,Johnny Isakson,1
9681,Mike Lee,Pat Roberts,1
9682,Mike Lee,Pat Toomey,1
9685,Mike Lee,Saxby Chambliss,1
9691,Mike Lee,Ron Johnson,1
9692,Mike Lee,Dean Heller,1
9695,Mike Lee,James E. Risch,1
9703,Ron Johnson,John Boozman,1
9704,Ron Johnson,Marco Rubio,1
9705,Ron Johnson,Jim Inhofe,1
9714,Ron Johnson,John Sidney Mccain,1
9716,Ron Johnson,Tom Coburn,1
9718,Ron Johnson,Michael B. Enzi,1
9719,Ron Johnson,John Barrasso,1
9720,Ron Johnson,John Cornyn,1
9722,Ron Johnson,David Vitter,1
9725,Ron Johnson,Kay Bailey Hutchison,1
9726,Ron Johnson,Mike Johanns,1
9728,Ron Johnson,Lindsey O. Graham,1
9732,Ron Johnson,Jon Llewellyn Kyl,1
9733,Ron Johnson,Rand Paul,1
9737,Ron Johnson,John R. Thune,1
9739,Ron Johnson,Rob Portman,1
9741,Ron Johnson,Michael D. Crapo,1
9745,Ron Johnson,Jerry Moran,1
9746,Ron Johnson,Mitch Mcconnell,1
9747,Ron Johnson,Lamar Alexander,1
9748,Ron Johnson,Roger F. Wicker,1
9750,Ron Johnson,Orrin Grant Hatch,1
9751,Ron Johnson,Roy Blunt,1
9756,Ron Johnson,Richard Burr,1
9758,Ron Johnson,John Hoeven,1
9765,Ron Johnson,James W. Demint,1
9768,Ron Johnson,Charles Ernest Grassley,1
9771,Ron Johnson,Jeff Sessions,1
9772,Ron Johnson,Daniel Ray Coats,1
9773,Ron Johnson,Richard Craig Shelby,1
9774,Ron Johnson,Bob Corker,1
9777,Ron Johnson,Kelly Ayotte,1
9781,Ron Johnson,Johnny Isakson,1
9782,Ron Johnson,Pat Roberts,1
9783,Ron Johnson,Pat Toomey,1
9786,Ron Johnson,Saxby Chambliss,1
9789,Ron Johnson,Richard Green Lugar,1
9791,Ron Johnson,Mike Lee,1
9793,Ron Johnson,Dean Heller,1
9795,Ron Johnson,Thad Cochran,1
9796,Ron Johnson,James E. Risch,1
9804,Dean Heller,John Boozman,1
9805,Dean Heller,Marco Rubio,1
9806,Dean Heller,Jim Inhofe,1
9815,Dean Heller,John Sidney Mccain,1
9817,Dean Heller,Tom Coburn,1
9819,Dean Heller,Michael B. Enzi,1
9820,Dean Heller,John Barrasso,1
9821,Dean Heller,John Cornyn,1
9823,Dean Heller,David Vitter,1
9826,Dean Heller,Kay Bailey Hutchison,1
9827,Dean Heller,Mike Johanns,1
9829,Dean Heller,Lindsey O. Graham,1
9830,Dean Heller,Lisa Murkowski,1
9833,Dean Heller,Jon Llewellyn Kyl,1
9838,Dean Heller,John R. Thune,1
9840,Dean Heller,Rob Portman,1
9842,Dean Heller,Michael D. Crapo,1
9846,Dean Heller,Jerry Moran,1
9849,Dean Heller,Roger F. Wicker,1
9851,Dean Heller,Orrin Grant Hatch,1
9852,Dean Heller,Roy Blunt,1
9857,Dean Heller,Richard Burr,1
9859,Dean Heller,John Hoeven,1
9869,Dean Heller,Charles Ernest Grassley,1
9872,Dean Heller,Jeff Sessions,1
9873,Dean Heller,Daniel Ray Coats,1
9878,Dean Heller,Kelly Ayotte,1
9881,Dean Heller,Mark Steven Kirk,1
9882,Dean Heller,Johnny Isakson,1
9883,Dean Heller,Pat Roberts,1
9884,Dean Heller,Pat Toomey,1
9887,Dean Heller,Saxby Chambliss,1
9890,Dean Heller,Richard Green Lugar,1
9892,Dean Heller,Mike Lee,1
9893,Dean Heller,Ron Johnson,1
9896,Dean Heller,Thad Cochran,1
9897,Dean Heller,James E. Risch,1
9905,Joe Manchin,John Boozman,1
9938,Joe Manchin,Mark Lunsford Pryor,1
9941,Joe Manchin,Rob Portman,1
9953,Joe Manchin,Roy Blunt,1
9959,Joe Manchin,Jay Rockefeller,1
9960,Joe Manchin,John Hoeven,1
9962,Joe Manchin,Kent Conrad,1
9972,Joe Manchin,E. Benjamin Nelson,1
9974,Joe Manchin,Daniel Ray Coats,1
9976,Joe Manchin,Bob Corker,1
9977,Joe Manchin,Mark R. Warner,1
9987,Joe Manchin,Clarence William Nelson,1
9992,Joe Manchin,Claire Mccaskill,1
10006,Thad Cochran,John Boozman,1
10007,Thad Cochran,Marco Rubio,1
10008,Thad Cochran,Jim Inhofe,1
10017,Thad Cochran,John Sidney Mccain,1
10019,Thad Cochran,Tom Coburn,1
10021,Thad Cochran,Michael B. Enzi,1
10022,Thad Cochran,John Barrasso,1
10023,Thad Cochran,John Cornyn,1
10025,Thad Cochran,David Vitter,1
10028,Thad Cochran,Kay Bailey Hutchison,1
10029,Thad Cochran,Mike Johanns,1
10031,Thad Cochran,Lindsey O. Graham,1
10035,Thad Cochran,Jon Llewellyn Kyl,1
10040,Thad Cochran,John R. Thune,1
10042,Thad Cochran,Rob Portman,1
10044,Thad Cochran,Michael D. Crapo,1
10048,Thad Cochran,Jerry Moran,1
10049,Thad Cochran,Mitch Mcconnell,1
10050,Thad Cochran,Lamar Alexander,1
10051,Thad Cochran,Roger F. Wicker,1
10053,Thad Cochran,Orrin Grant Hatch,1
10054,Thad Cochran,Roy Blunt,1
10059,Thad Cochran,Richard Burr,1
10061,Thad Cochran,John Hoeven,1
10068,Thad Cochran,James W. Demint,1
10071,Thad Cochran,Charles Ernest Grassley,1
10074,Thad Cochran,Jeff Sessions,1
10075,Thad Cochran,Daniel Ray Coats,1
10076,Thad Cochran,Richard Craig Shelby,1
10077,Thad Cochran,Bob Corker,1
10080,Thad Cochran,Kelly Ayotte,1
10084,Thad Cochran,Johnny Isakson,1
10085,Thad Cochran,Pat Roberts,1
10086,Thad Cochran,Pat Toomey,1
10089,Thad Cochran,Saxby Chambliss,1
10092,Thad Cochran,Richard Green Lugar,1
10095,Thad Cochran,Ron Johnson,1
10096,Thad Cochran,Dean Heller,1
10099,Thad Cochran,James E. Risch,1
10107,James E. Risch,John Boozman,1
10108,James E. Risch,Marco Rubio,1
10109,James E. Risch,Jim Inhofe,1
10118,James E. Risch,John Sidney Mccain,1
10120,James E. Risch,Tom Coburn,1
10122,James E. Risch,Michael B. Enzi,1
10123,James E. Risch,John Barrasso,1
10124,James E. Risch,John Cornyn,1
10126,James E. Risch,David Vitter,1
10129,James E. Risch,Kay Bailey Hutchison,1
10130,James E. Risch,Mike Johanns,1
10132,James E. Risch,Lindsey O. Graham,1
10133,James E. Risch,Lisa Murkowski,1
10136,James E. Risch,Jon Llewellyn Kyl,1
10137,James E. Risch,Rand Paul,1
10141,James E. Risch,John R. Thune,1
10143,James E. Risch,Rob Portman,1
10145,James E. Risch,Michael D. Crapo,1
10149,James E. Risch,Jerry Moran,1
10150,James E. Risch,Mitch Mcconnell,1
10151,James E. Risch,Lamar Alexander,1
10152,James E. Risch,Roger F. Wicker,1
10154,James E. Risch,Orrin Grant Hatch,1
10155,James E. Risch,Roy Blunt,1
10160,James E. Risch,Richard Burr,1
10162,James E. Risch,John Hoeven,1
10169,James E. Risch,James W. Demint,1
10172,James E. Risch,Charles Ernest Grassley,1
10175,James E. Risch,Jeff Sessions,1
10176,James E. Risch,Daniel Ray Coats,1
10177,James E. Risch,Richard Craig Shelby,1
10178,James E. Risch,Bob Corker,1
10181,James E. Risch,Kelly Ayotte,1
10184,James E. Risch,Mark Steven Kirk,1
10185,James E. Risch,Johnny Isakson,1
10186,James E. Risch,Pat Roberts,1
10187,James E. Risch,Pat Toomey,1
10190,James E. Risch,Saxby Chambliss,1
10193,James E. Risch,Richard Green Lugar,1
10195,James E. Risch,Mike Lee,1
10196,James E. Risch,Ron Johnson,1
10197,James E. Risch,Dean Heller,1
10199,James E. Risch,Thad Cochran,1
